State,Effective Date,Valid Through Date,age_maj_men,age_maj_women,healthcare,healthcare_conditions,healthcare_conditions_text,healthcare_sti,healthcare_sticat Testing,healthcare_sticat Treatment,healthcare_sticat Prevention,healthcare_sticat N/A,healthcare_hiv,healthcare_hivcat Testing,healthcare_hivcat Treatment,healthcare_hivcat Prevention,healthcare_hivcat N/A,healthcare_mental,healthcare_sud,healthcare_confidential,healthcare_confidential_conditions,healthcare_disclose,healthcare_agemaj_men,healthcare_agemaj_women,stitest,stitest_conditions,stitest_conditions_text,stitest_confidential,stitest_confidential_conditions,stitest_disclose,stitest_disclose_result,stitest_agemaj_men,stitest_agemaj_women,stitreat,stitreat_conditions,stitreat_conditions_text,stitreat_confidential,stitreat_confidential_conditions,stitreat_disclose,stitreat_agemaj_men,stitreat_agemaj_women,stiprev,stiprev_conditions,stiprev_conditions_text,stiprev_confidential,stiprev_confidential_conditions,stiprev_disclose,stiprev_agemaj_men,stiprev_agemaj_women,sti_specific,sti_specific_hiv,sti_specific_text,hivtest,hivtest_conditions,hivtest_conditions_text,hivtest_confidential,hivtest_confidential_conditions,hivtest_disclose,hivtest_disclose_result,hivtest_agemaj_men,hivtest_agemaj_women,hivtreat,hivtreat_conditions,hivtreat_conditions_text,hivtreat_confidential,hivtreat_confidential_conditions,hivtreat_disclose,hivtreat_agemaj_men,hivtreat_agemaj_women,hivprev,hivprev_conditions,hivprev_conditions_text,hivprev_confidential,hivprev_confidential_conditions,hivprev_disclose,hivprev_agemaj_men,hivprev_agemaj_women,prep,prep_conditions,prep_conditions_text,prep_confidential,prep_confidential_conditions,prep_disclose,prep_agemaj_men,prep_agemaj_women,pep,pep_conditions,pep_conditions_text,eob,eob_conditions,eob_conditions_text,payor,payor_conditions,payor_conditions_text
Alabama,1/1/2020,12/31/2021,19,19,0,1,N/A,0,1,1,1,0,0,1,1,1,0,0,0,1,2,2,14,14,0,1,N/A,1,2,2,2,0,0,0,1,N/A,1,2,2,0,0,0,1,N/A,1,2,2,14,14,0,0,"Chancroid, chlamydia, gonorrhea, hepatitis C, syphilis",0,1,N/A,1,2,2,2,0,0,0,1,N/A,1,2,2,0,0,0,1,N/A,1,2,2,14,14,0,1,N/A,1,2,2,14,14,0,1,N/A,1,2,N/A,1,2,N/A
Alabama,1/1/2004,12/31/2019,19,19,0,1,N/A,0,1,1,1,0,0,1,1,1,0,0,0,1,2,2,14,14,0,1,N/A,1,2,2,2,0,0,0,1,N/A,1,2,2,0,0,0,1,N/A,1,2,2,14,14,1,2,N/A,0,1,N/A,1,2,2,2,0,0,0,1,N/A,1,2,2,0,0,0,1,N/A,1,2,2,14,14,0,1,N/A,1,2,2,14,14,0,1,N/A,1,2,N/A,1,2,N/A
Alabama,1/1/1996,12/31/2003,19,19,0,1,N/A,0,1,1,1,0,0,1,1,1,0,0,0,1,2,2,14,14,0,1,N/A,1,2,2,2,0,0,0,1,N/A,1,2,2,0,0,0,1,N/A,1,2,2,14,14,1,2,N/A,0,1,N/A,1,2,2,2,0,0,0,1,N/A,1,2,2,0,0,0,1,N/A,1,2,2,14,14,2,2,N/A,2,2,2,26,26,2,2,N/A,1,2,N/A,1,2,N/A
Alabama,1/1/1975,12/31/1995,19,19,0,1,N/A,0,1,1,1,0,2,0,0,0,1,0,0,1,2,2,14,14,0,1,N/A,1,2,2,2,0,0,0,1,N/A,1,2,2,0,0,0,1,N/A,1,2,2,14,14,1,2,N/A,0,1,N/A,1,2,2,2,0,0,0,1,N/A,1,2,2,0,0,0,1,N/A,1,2,2,14,14,2,2,N/A,2,2,2,26,26,2,2,N/A,1,2,N/A,1,2,N/A
Alabama,1/1/1971,12/31/1974,21,21,0,1,N/A,0,1,1,1,0,2,0,0,0,1,0,0,1,2,2,14,14,0,1,N/A,1,2,2,2,0,0,0,1,N/A,1,2,2,0,0,0,1,N/A,1,2,2,14,14,1,2,N/A,2,2,N/A,2,2,2,2,26,25,2,2,N/A,2,2,2,26,26,2,2,N/A,2,2,2,26,26,2,2,N/A,2,2,2,26,26,2,2,N/A,1,2,N/A,1,2,N/A
Alaska,1/1/2003,12/31/2021,18,18,1,2,N/A,2,0,0,0,1,2,0,0,0,1,2,2,2,2,2,18,18,0,1,N/A,1,2,2,2,0,0,0,1,N/A,1,2,2,0,0,1,2,N/A,2,2,2,18,18,1,2,N/A,0,1,N/A,1,2,2,2,0,0,0,1,N/A,1,2,2,0,0,1,2,N/A,2,2,2,18,18,1,2,N/A,2,2,2,18,18,1,2,N/A,1,2,N/A,1,2,N/A
Alaska,1/1/1977,12/31/2002,18,18,1,2,N/A,2,0,0,0,1,2,0,0,0,1,2,2,2,2,2,18,18,0,1,N/A,1,2,2,2,0,0,0,1,N/A,1,2,2,0,0,1,2,N/A,2,2,2,18,18,1,2,N/A,0,1,N/A,1,2,2,2,0,0,0,1,N/A,1,2,2,0,0,1,2,N/A,2,2,2,18,18,2,2,N/A,2,2,2,26,26,2,2,N/A,1,2,N/A,1,2,N/A
Alaska,1/1/1974,12/31/1976,19,19,1,2,N/A,2,0,0,0,1,2,0,0,0,1,2,2,2,2,2,19,19,0,1,N/A,1,2,2,2,0,0,0,1,N/A,1,2,2,0,0,1,2,N/A,2,2,2,19,19,1,2,N/A,2,2,N/A,2,2,2,2,26,25,2,2,N/A,2,2,2,26,26,2,2,N/A,2,2,2,26,26,2,2,N/A,2,2,2,26,26,2,2,N/A,1,2,N/A,1,2,N/A
Alaska,1/1/1956,12/31/1973,19,19,1,2,N/A,2,0,0,0,1,2,0,0,0,1,2,2,2,2,2,19,19,1,2,N/A,2,2,2,2,19,19,1,2,N/A,2,2,2,19,19,1,2,N/A,2,2,2,19,19,1,2,N/A,2,2,N/A,2,2,2,2,26,25,2,2,N/A,2,2,2,26,26,2,2,N/A,2,2,2,26,26,2,2,N/A,2,2,2,26,26,2,2,N/A,1,2,N/A,1,2,N/A
Arizona,1/1/2010,12/31/2021,18,18,1,2,N/A,2,0,0,0,1,2,0,0,0,1,2,2,2,2,2,18,18,0,1,N/A,1,2,2,2,0,0,0,1,N/A,1,2,2,0,0,1,2,N/A,2,2,2,18,18,1,2,N/A,0,1,N/A,1,2,2,2,0,0,0,1,N/A,1,2,2,0,0,1,2,N/A,2,2,2,18,18,1,2,N/A,2,2,2,18,18,1,2,N/A,1,2,N/A,1,2,N/A
Arizona,1/1/1972,12/31/2009,18,18,1,2,N/A,2,0,0,0,1,2,0,0,0,1,2,2,2,2,2,18,18,0,1,N/A,1,2,2,2,0,0,0,1,N/A,1,2,2,0,0,1,2,N/A,2,2,2,18,18,1,2,N/A,0,1,N/A,1,2,2,2,0,0,0,1,N/A,1,2,2,0,0,1,2,N/A,2,2,2,18,18,2,2,N/A,2,2,2,18,18,1,2,N/A,1,2,N/A,1,2,N/A
Arizona,1/1/1971,12/31/1971,21,21,1,2,N/A,2,0,0,0,1,2,0,0,0,1,2,2,2,2,2,21,21,0,1,N/A,1,2,2,2,0,0,0,1,N/A,1,2,2,0,0,1,2,N/A,2,2,2,21,21,1,2,N/A,2,2,N/A,2,2,2,2,26,25,2,2,N/A,2,2,2,26,26,2,2,N/A,2,2,2,26,26,2,2,N/A,2,2,2,26,26,2,2,N/A,1,2,N/A,1,2,N/A
Arizona,1/1/1956,12/31/1970,21,21,1,2,N/A,2,0,0,0,1,2,0,0,0,1,2,2,2,2,2,21,21,1,2,N/A,2,2,2,2,21,21,1,2,N/A,2,2,2,21,21,1,2,N/A,2,2,2,21,21,1,2,N/A,2,2,N/A,2,2,2,2,26,25,2,2,N/A,2,2,2,26,26,2,2,N/A,2,2,2,26,26,2,2,N/A,2,2,2,26,26,2,2,N/A,1,2,N/A,1,2,N/A
Arkansas,1/1/1975,12/31/2021,18,18,0,0,Minor must possess sufficient intelligence to understand the consequences of the treatment,0,1,1,1,0,0,1,1,1,0,0,0,1,2,2,0,0,0,1,N/A,1,2,2,2,0,0,0,1,N/A,1,2,2,0,0,0,0,Minor must possess sufficient intelligence to understand the consequences of the treatment,1,2,2,0,0,1,2,N/A,0,1,N/A,1,2,2,2,0,0,0,1,N/A,1,2,2,0,0,0,0,Minor must possess sufficient intelligence to understand the consequences of the treatment,1,2,2,0,0,0,0,Minor must possess sufficient intelligence to understand the consequences of the treatment,1,2,2,0,0,0,0,Minor must possess sufficient intelligence to understand the consequences of the treatment,1,2,N/A,1,2,N/A
Arkansas,1/1/1973,12/31/1974,21,18,0,0,Minor must possess sufficient intelligence to understand the consequences of the treatment,0,1,1,1,0,2,0,0,0,1,0,0,1,2,2,0,0,0,1,N/A,1,2,2,2,0,0,0,1,N/A,1,2,2,0,0,0,0,Minor must possess sufficient intelligence to understand the consequences of the treatment,1,2,2,0,0,1,2,N/A,2,2,N/A,2,2,2,2,26,25,2,2,N/A,2,2,2,26,26,2,2,N/A,2,2,2,26,26,2,2,N/A,2,2,2,26,26,2,2,N/A,1,2,N/A,1,2,N/A
Arkansas,1/1/1969,12/31/1972,21,18,1,2,N/A,2,0,0,0,1,2,0,0,0,1,2,2,2,2,2,21,18,0,1,N/A,1,2,2,2,0,0,0,1,N/A,1,2,2,0,0,1,2,N/A,2,2,2,21,18,1,2,N/A,2,2,N/A,2,2,2,2,26,25,2,2,N/A,2,2,2,26,26,2,2,N/A,2,2,2,26,26,2,2,N/A,2,2,2,26,26,2,2,N/A,1,2,N/A,1,2,N/A
Arkansas,1/1/1939,12/31/1968,21,18,1,2,N/A,2,0,0,0,1,2,0,0,0,1,2,2,2,2,2,21,18,1,2,N/A,2,2,2,2,21,18,1,2,N/A,2,2,2,21,18,1,2,N/A,2,2,2,21,18,1,2,N/A,2,2,N/A,2,2,2,2,26,25,2,2,N/A,2,2,2,26,26,2,2,N/A,2,2,2,26,26,2,2,N/A,2,2,2,26,26,2,2,N/A,1,2,N/A,1,2,N/A
California,1/1/2014,12/31/2021,18,18,1,2,N/A,2,0,0,0,1,2,0,0,0,1,2,2,2,2,2,18,18,0,1,N/A,0,1,1,1,12,12,0,1,N/A,0,1,1,12,12,0,1,N/A,0,1,1,12,12,0,0,"Chlamydia, Syphilis, Gonorrhea, Chancroid, Lymphogranuloma venereum",0,1,N/A,0,1,1,1,12,12,0,1,N/A,0,1,1,12,12,0,1,N/A,0,1,1,12,12,0,1,N/A,0,1,2,12,12,0,1,N/A,0,1,N/A,0,1,N/A
California,1/1/2012,12/31/2013,18,18,1,2,N/A,2,0,0,0,1,2,0,0,0,1,2,2,2,2,2,18,18,0,1,N/A,0,1,1,1,12,12,0,1,N/A,0,1,1,12,12,0,1,N/A,0,1,1,12,12,0,0,"Chlamydia, Syphilis, Gonorrhea, Chancroid, Lymphogranuloma venereum",0,1,N/A,0,1,1,1,12,12,0,1,N/A,0,1,1,12,12,0,1,N/A,0,1,1,12,12,2,2,N/A,2,2,2,18,18,0,1,N/A,0,1,N/A,0,1,N/A
California,1/1/2000,12/31/2011,18,18,1,2,N/A,2,0,0,0,1,2,0,0,0,1,2,2,2,2,2,18,18,0,1,N/A,0,1,1,1,12,12,0,1,N/A,0,1,1,12,12,1,2,N/A,2,2,2,18,18,0,0,"Chlamydia, Syphilis, Gonorrhea, Chancroid, Lymphogranuloma venereum",0,1,N/A,0,1,1,1,12,12,0,1,N/A,0,1,1,12,12,1,2,N/A,2,2,2,18,18,2,2,N/A,2,2,2,26,26,1,2,N/A,0,1,N/A,0,1,N/A
California,1/1/1995,12/31/1999,18,18,1,2,N/A,2,0,0,0,1,2,0,0,0,1,2,2,2,2,2,18,18,0,1,N/A,0,1,1,1,12,12,0,1,N/A,0,1,1,12,12,1,2,N/A,2,2,2,18,18,0,0,"Chlamydia, Syphilis, Gonorrhea, Chancroid, Lymphogranuloma venereum",0,1,N/A,0,1,1,1,12,12,0,1,N/A,0,1,1,12,12,1,2,N/A,2,2,2,26,26,2,2,N/A,2,2,2,26,26,1,2,N/A,1,2,N/A,1,2,N/A
California,1/1/1994,12/31/1994,18,18,1,2,N/A,2,0,0,0,1,2,0,0,0,1,2,2,2,2,2,18,18,0,1,N/A,0,1,1,1,12,12,0,1,N/A,0,1,1,12,12,1,2,N/A,2,2,2,18,18,0,0,"Chlamydia, Syphilis, Gonorrhea, Chancroid, Lymphogranuloma venereum",0,1,N/A,0,1,1,1,12,12,0,1,N/A,0,1,1,12,12,1,2,N/A,2,2,2,26,26,2,2,N/A,2,2,2,26,26,2,2,N/A,1,2,N/A,1,2,N/A
California,1/1/1987,12/31/1993,18,18,1,2,N/A,2,0,0,0,1,2,0,0,0,1,2,2,2,2,2,18,18,0,1,N/A,0,1,1,1,12,12,0,1,N/A,0,1,1,12,12,1,2,N/A,2,2,2,26,26,0,0,"Chlamydia, Syphilis, Gonorrhea, Chancroid, Lymphogranuloma venereum",0,1,N/A,0,1,1,1,12,12,0,1,N/A,0,1,1,12,12,1,2,N/A,2,2,2,18,18,2,2,N/A,2,2,2,26,26,2,2,N/A,1,2,N/A,1,2,N/A
California,4/3/1982,12/31/1986,18,18,1,2,N/A,2,0,0,0,1,2,0,0,0,1,2,2,2,2,2,18,18,0,1,N/A,0,1,1,1,12,12,0,1,N/A,0,1,1,12,12,1,2,N/A,2,2,2,18,18,0,0,"Chlamydia, Syphilis, Gonorrhea, Chancroid, Lymphogranuloma venereum",0,1,N/A,0,1,1,1,12,12,0,1,N/A,0,1,1,12,12,1,2,N/A,2,2,2,26,26,2,2,N/A,2,2,2,26,26,2,2,N/A,1,2,N/A,1,2,N/A
California,1/1/1981,4/2/1982,18,18,1,2,N/A,2,0,0,0,1,2,0,0,0,1,2,2,2,2,2,18,18,0,1,N/A,0,1,1,1,12,12,0,1,N/A,0,1,1,12,12,1,2,N/A,2,2,2,18,18,0,0,"Chlamydia, Syphilis, Gonorrhea, Chancroid, Lymphogranuloma venereum",0,1,N/A,0,1,1,1,12,12,0,1,N/A,0,1,1,12,12,1,2,N/A,2,2,2,26,26,2,2,N/A,2,2,2,26,26,2,2,N/A,1,2,N/A,1,2,N/A
California,3/4/1972,12/31/1980,18,18,1,2,N/A,2,0,0,0,1,2,0,0,0,1,2,2,2,2,2,18,18,0,1,N/A,1,2,2,2,12,12,0,1,N/A,1,2,2,12,12,1,2,N/A,2,2,2,18,18,0,2,"Chlamydia, Syphilis, Gonorrhea, Chancroid, Lymphogranuloma venereum",2,2,N/A,2,2,2,2,26,25,2,2,N/A,2,2,2,26,26,2,2,N/A,2,2,2,26,26,2,2,N/A,2,2,2,26,26,2,2,N/A,1,2,N/A,1,2,N/A
California,1/1/1968,3/3/1972,21,21,1,2,N/A,2,0,0,0,1,2,0,0,0,1,2,2,2,2,2,21,21,0,1,N/A,1,2,2,2,12,12,0,1,N/A,1,2,2,12,12,1,2,N/A,2,2,2,21,21,0,2,"Chlamydia, Syphilis, Gonorrhea, Chancroid, Lymphogranuloma venereum",2,2,N/A,2,2,2,2,26,25,2,2,N/A,2,2,2,26,26,2,2,N/A,2,2,2,26,26,2,2,N/A,2,2,2,26,26,2,2,N/A,1,2,N/A,1,2,N/A
California,1/1/1945,12/31/1967,21,21,1,2,N/A,2,0,0,0,1,2,0,0,0,1,2,2,2,2,2,21,21,1,2,N/A,2,2,2,2,21,21,1,2,N/A,2,2,2,21,21,1,2,N/A,2,2,2,21,21,0,2,"Chlamydia, Syphilis, Gonorrhea, Chancroid, Lymphogranuloma venereum",2,2,N/A,2,2,2,2,26,25,2,2,N/A,2,2,2,26,26,2,2,N/A,2,2,2,26,26,2,2,N/A,2,2,2,26,26,2,2,N/A,1,2,N/A,1,2,N/A
Colorado,10/1/2018,12/31/2021,18,18,1,2,N/A,2,0,0,0,1,2,0,0,0,1,2,2,2,2,2,18,18,0,1,N/A,0,0,1,1,0,0,0,1,N/A,0,0,1,0,0,0,1,N/A,0,0,1,0,0,0,0,"Chlamydia, Gonorrhea, Syphilis, Relevant types of hepatitis, Any other sexually transmitted infection",0,1,N/A,0,0,1,1,0,0,0,1,N/A,0,0,1,0,0,0,1,N/A,0,0,1,0,0,0,1,N/A,0,0,1,0,0,0,1,N/A,0,1,N/A,1,2,N/A
Colorado,7/1/2016,9/30/2018,18,18,1,2,N/A,2,0,0,0,1,2,0,0,0,1,2,2,2,2,2,18,18,0,1,N/A,0,0,1,1,0,0,0,1,N/A,0,0,1,0,0,0,1,N/A,0,0,1,0,0,0,0,"Chlamydia, Gonorrhea, Syphilis, Relevant types of hepatitis, Any other sexually transmitted infection",0,1,N/A,0,0,1,1,0,0,0,1,N/A,0,0,1,0,0,0,1,N/A,0,0,1,0,0,0,1,N/A,0,0,1,0,0,0,1,N/A,1,2,N/A,1,2,N/A
Colorado,1/1/1963,6/30/2016,18,18,1,2,N/A,2,0,0,0,1,2,0,0,0,1,2,2,2,2,2,18,18,0,1,N/A,1,2,2,2,0,0,0,1,N/A,1,2,2,0,0,1,2,N/A,2,2,2,18,18,1,2,N/A,0,1,N/A,1,2,2,2,0,0,0,1,N/A,1,2,2,0,0,1,2,N/A,2,2,2,18,18,2,2,N/A,2,2,2,18,18,1,2,N/A,1,2,N/A,1,2,N/A
Colorado,1/1/1921,12/31/1962,18,18,1,2,N/A,2,0,0,0,1,2,0,0,0,1,2,2,2,2,2,18,18,0,1,N/A,1,2,2,2,0,0,0,1,N/A,1,2,2,0,0,1,2,N/A,2,2,2,18,18,1,2,N/A,2,2,N/A,2,2,2,2,26,25,2,2,N/A,2,2,2,26,26,2,2,N/A,2,2,2,26,26,2,2,N/A,2,2,2,26,26,2,2,N/A,1,2,N/A,1,2,N/A
Connecticut,1/1/2019,12/31/2021,18,18,1,2,N/A,2,0,0,0,1,2,0,0,0,1,2,2,2,2,2,18,18,0,1,N/A,0,1,1,1,0,0,0,1,N/A,0,1,1,0,0,1,2,N/A,2,2,2,18,18,1,2,N/A,0,1,N/A,0,1,1,1,0,0,0,0,"Where minor is 12 or younger, physician or APRN must determine that notifying parents or guardian will result in treatment being denied, or in minor declining to pursue treatment",0,1,1,0,0,0,0,"Where minor is 12 or younger, physician or APRN must determine that notifying parents or guardian will result in treatment being denied, or in minor declining to pursue treatment",0,1,1,0,0,0,0,"Where minor is 12 or younger, physician or APRN must determine that notifying parents or guardian will result in treatment being denied, or in minor declining to pursue treatment",0,1,1,0,0,0,0,"Where minor is 12 or younger, physician or APRN must determine that notifying parents or guardian will result in treatment being denied, or in minor declining to pursue treatment",1,2,N/A,1,2,N/A
Connecticut,6/12/1996,12/31/2018,18,18,1,2,N/A,2,0,0,0,1,2,0,0,0,1,2,2,2,2,2,18,18,0,1,N/A,0,1,1,1,0,0,0,1,N/A,0,1,1,0,0,1,2,N/A,2,2,2,18,18,1,2,N/A,0,1,N/A,0,1,1,1,0,0,0,0,"Where minor is 12 or younger, physician or APRN must determine that notifying parents or guardian will result in treatment being denied, or in minor declining to pursue treatment",0,1,1,0,0,1,2,N/A,2,2,2,18,18,1,2,N/A,2,2,2,18,18,1,2,N/A,1,2,N/A,1,2,N/A
Connecticut,5/22/1992,6/11/1996,18,18,1,2,N/A,2,0,0,0,1,2,0,0,0,1,2,2,2,2,2,18,18,0,1,N/A,1,2,2,2,0,0,0,1,N/A,1,2,2,0,0,1,2,N/A,2,2,2,18,18,1,2,N/A,0,1,N/A,0,1,1,1,0,0,0,0,"Where minor is 12 or younger, physician or APRN must determine that notifying parents or guardian will result in treatment being denied, or in minor declining to pursue treatment",0,1,1,0,0,1,2,N/A,2,2,2,18,18,2,2,N/A,2,2,2,26,26,2,2,N/A,1,2,N/A,1,2,N/A
Connecticut,10/1/1972,5/21/1992,18,18,1,2,N/A,2,0,0,0,1,2,0,0,0,1,2,2,2,2,2,18,18,0,1,N/A,1,2,2,2,0,0,0,1,N/A,1,2,2,0,0,1,2,N/A,2,2,2,18,18,1,2,N/A,0,1,N/A,1,2,2,2,0,0,0,1,NA,1,2,2,0,0,1,2,N/A,2,2,2,18,18,2,2,N/A,2,2,2,26,26,2,2,N/A,1,2,N/A,1,2,N/A
Connecticut,1/1/1958,9/30/1972,18,18,1,2,N/A,2,0,0,0,1,2,0,0,0,1,2,2,2,2,2,18,18,0,1,N/A,1,2,2,2,0,0,0,1,N/A,1,2,2,0,0,1,2,N/A,2,2,2,18,18,1,2,N/A,2,2,N/A,2,2,2,2,26,25,2,2,NA,2,2,2,26,26,2,2,N/A,2,2,2,26,26,2,2,N/A,2,2,2,26,26,2,2,N/A,1,2,N/A,1,2,N/A
Delaware,6/27/2012,12/31/2021,18,18,0,0,"Reasonable efforts to get parent's consent, doctor must determine that untreated condition will cause harm",0,1,1,1,0,0,1,1,1,0,0,0,1,2,2,0,0,0,0,Reasonable efforts to get parent/guardian's consent if minor is less than 12 years of age,0,1,0,0,0,0,0,0,Reasonable efforts to get parent/guardian's consent if minor is less than 12 years of age,0,1,0,0,0,0,0,Reasonable efforts to get parent/guardian's consent if minor is less than 12 years of age,0,1,0,0,0,0,0,"Chancroid, Chlamydia, Gonorrhea, Granuloma inguinale, Herpes, HPV, PID, Syphilis",0,0,Reasonable efforts to get parent/guardian's consent if minor is less than 12 years of age,0,1,0,0,0,0,0,0,Reasonable efforts to get parent/guardian's consent if minor is less than 12 years of age,0,1,0,0,0,0,0,Reasonable efforts to get parent/guardian's consent if minor is less than 12 years of age,0,1,0,0,0,0,0,Reasonable efforts to get parent/guardian's consent if minor is less than 12 years of age,0,0,0,0,0,0,1,N/A,1,2,N/A,0,1,N/A
Delaware,7/20/1999,6/26/2012,18,18,0,0,"Reasonable efforts to get parent's consent, doctor must determine that untreated condition will cause harm",0,1,1,1,0,0,1,1,1,0,0,0,1,2,2,0,0,0,0,Reasonable efforts to get parent/guardian's consent if minor is less than 12 years of age,1,2,2,2,0,0,0,0,Reasonable efforts to get parent/guardian's consent if minor is less than 12 years of age,1,2,2,0,0,0,0,Reasonable efforts to get parent/guardian's consent if minor is less than 12 years of age,1,2,2,0,0,1,2,N/A,0,0,Reasonable efforts to get parent/guardian's consent if minor is less than 12 years of age,0,1,0,0,0,0,0,0,Reasonable efforts to get parent/guardian's consent if minor is less than 12 years of age,1,2,2,0,0,0,0,Reasonable efforts to get parent/guardian's consent if minor is less than 12 years of age,1,2,2,0,0,2,2,N/A,2,2,2,18,18,0,1,N/A,1,2,N/A,1,2,N/A
Delaware,1/1/1988,7/19/1999,18,18,0,0,"Reasonable efforts to get parent's consent, doctor must determine that untreated condition will cause harm",0,1,1,1,0,0,1,1,1,0,0,0,1,2,2,0,0,0,0,"Reasonable efforts to get parent's consent, doctor must determine that untreated condition will cause harm",1,2,2,2,0,0,0,0,"Reasonable efforts to get parent's consent, doctor must determine that untreated condition will cause harm",1,2,2,0,0,0,0,"Reasonable efforts to get parent's consent, doctor must determine that untreated condition will cause harm",1,2,2,0,0,1,2,N/A,0,0,"Reasonable efforts to get parent/guardian's consent if minor is less than 12 years of age, doctor must determine that untreated condition will cause harm",0,1,0,0,0,0,0,0,"Reasonable efforts to get parent's consent, doctor must determine that untreated condition will cause harm",1,2,2,0,0,0,0,"Reasonable efforts to get parent's consent, doctor must determine that untreated condition will cause harm",1,2,2,0,0,2,2,N/A,2,2,2,26,26,2,2,N/A,1,2,N/A,1,2,N/A
Delaware,6/16/1972,12/31/1987,18,18,0,0,"Reasonable efforts to get parent's consent, doctor must determine that untreated condition will cause harm",0,1,1,1,0,0,1,1,1,0,0,0,1,2,2,0,0,0,0,"Reasonable efforts to get parent's consent, doctor must determine that untreated condition will cause harm",1,2,2,2,0,0,0,0,"Reasonable efforts to get parent's consent, doctor must determine that untreated condition will cause harm",1,2,2,0,0,0,0,"Reasonable efforts to get parent's consent, doctor must determine that untreated condition will cause harm",1,2,2,0,0,1,2,N/A,0,0,"Reasonable efforts to get parent's consent, doctor must determine that untreated condition will cause harm",1,2,2,2,0,0,0,0,"Reasonable efforts to get parent's consent, doctor must determine that untreated condition will cause harm",1,2,2,0,0,0,0,"Reasonable efforts to get parent's consent, doctor must determine that untreated condition will cause harm",1,2,2,0,0,2,2,N/A,2,2,2,26,26,2,2,N/A,1,2,N/A,1,2,N/A
Delaware,1/1/1964,6/15/1972,21,21,0,0,"Reasonable efforts to get parent's consent, doctor must determine that untreated condition will cause harm",0,1,1,1,0,2,0,0,0,1,0,0,1,2,2,0,0,0,0,"Reasonable efforts to get parent's consent, doctor must determine that untreated condition will cause harm",1,2,2,2,0,0,0,0,"Reasonable efforts to get parent's consent, doctor must determine that untreated condition will cause harm",1,2,2,0,0,0,0,"Reasonable efforts to get parent's consent, doctor must determine that untreated condition will cause harm",1,2,2,0,0,1,2,N/A,2,2,N/A,2,2,2,2,26,25,2,2,N/A,2,2,2,26,26,2,2,N/A,2,2,2,26,26,2,2,N/A,2,2,2,26,26,2,2,N/A,1,2,N/A,1,2,N/A
District of Columbia,7/22/1976,12/31/2021,18,18,0,0,"In the judgement of the treating physician, surgeon, or dentist, the delay that would result from attempting to obtain parental consent would substantially increase the risk to the minor's life, health, mental health, or welfare",0,1,1,1,0,0,1,1,1,0,0,0,0,1,0,0,0,0,1,N/A,0,1,0,0,0,0,0,1,N/A,0,1,0,0,0,0,1,N/A,0,1,0,0,0,1,2,N/A,0,1,N/A,0,1,0,0,0,0,0,1,N/A,0,1,0,0,0,0,1,N/A,0,1,0,0,0,0,1,N/A,0,1,0,0,0,0,1,N/A,1,2,N/A,1,2,N/A
District of Columbia,9/16/1974,7/21/1976,18,18,0,0,"In the judgement of the treating physician, surgeon, or dentist, the delay that would result from attempting to obtain parental consent would substantially increase the risk to the minor's life, health, mental health, or welfare",0,1,1,1,0,2,0,0,0,1,0,0,0,1,0,0,0,0,1,N/A,0,1,0,0,0,0,0,1,N/A,0,1,0,0,0,0,1,N/A,0,1,0,0,0,1,2,N/A,2,2,N/A,2,2,2,2,26,25,2,2,N/A,2,2,2,26,26,2,2,N/A,2,2,2,26,26,2,2,N/A,2,2,2,26,26,2,2,N/A,1,2,N/A,1,2,N/A
Florida,3/16/2014,12/31/2021,18,18,1,2,N/A,2,0,0,0,1,2,0,0,0,1,2,2,2,2,2,18,18,0,1,N/A,0,1,1,1,0,0,0,1,N/A,0,1,1,0,0,1,2,N/A,2,2,2,18,18,0,0,"Chlamydia, Gonorrhea, HPV, Herpes, Syphilis, Chancroid, Granuloma inguinale, Hepatitis A-D, Lymphogranuloma venereum",0,0,Minor must possess sufficient intelligence and maturity to make an informed judgment,0,1,1,1,0,0,0,1,N/A,0,1,1,0,0,1,2,N/A,2,2,2,18,18,1,2,N/A,2,2,2,18,18,1,2,N/A,0,1,N/A,0,1,N/A
Florida,1/1/1986,3/15/2014,18,18,1,2,N/A,2,0,0,0,1,2,0,0,0,1,2,2,2,2,2,18,18,0,1,N/A,0,1,1,1,0,0,0,1,N/A,0,1,1,0,0,1,2,N/A,2,2,2,18,18,0,0,"Chlamydia, Gonorrhea, HPV, Herpes, Syphilis, Chancroid, Granuloma inguinale, Hepatitis A-D, Lymphogranuloma venereum",0,0,Minor must possess sufficient intelligence and maturity to make an informed judgment,0,1,1,1,0,0,0,1,N/A,0,1,1,0,0,1,2,N/A,2,2,2,18,18,2,2,N/A,2,2,2,18,18,1,2,N/A,0,1,N/A,0,1,N/A
Florida,11/6/1985,12/31/1985,18,18,1,2,N/A,2,0,0,0,1,2,0,0,0,1,2,2,2,2,2,18,18,1,2,N/A,2,2,2,1,18,18,1,2,N/A,2,2,2,18,18,1,2,N/A,2,2,2,18,18,0,0,"Chlamydia, Gonorrhea, HPV, Herpes, Syphilis, Chancroid, Granuloma inguinale, Hepatitis A-D, Lymphogranuloma venereum",0,0,Minor must possess sufficient intelligence and maturity to make an informed judgment,1,2,2,2,0,0,1,2,N/A,2,2,2,18,18,1,2,N/A,2,2,2,18,18,2,2,N/A,2,2,2,26,26,2,2,N/A,1,2,N/A,1,2,N/A
Florida,7/1/1973,11/5/1985,18,18,1,2,N/A,2,0,0,0,1,2,0,0,0,1,2,2,2,2,2,18,18,1,2,N/A,2,2,2,1,18,18,1,2,N/A,2,2,2,18,18,1,2,N/A,2,2,2,18,18,0,1,"Chlamydia, Gonorrhea, HPV, Herpes, Syphilis, Chancroid, Granuloma inguinale, Hepatitis A-D, Lymphogranuloma venereum",1,2,N/A,2,2,2,2,18,18,1,2,N/A,2,2,2,18,18,1,2,N/A,2,2,2,18,18,2,2,N/A,2,2,2,26,26,2,2,N/A,1,2,N/A,1,2,N/A
Florida,1/1/1965,6/30/1973,21,21,1,2,N/A,2,0,0,0,1,2,0,0,0,1,2,2,2,2,2,21,21,1,2,N/A,2,2,2,1,21,21,1,2,N/A,2,2,2,21,21,1,2,N/A,2,2,2,21,21,0,2,"Chlamydia, Gonorrhea, HPV, Herpes, Syphilis, Chancroid, Granuloma inguinale, Hepatitis A-D, Lymphogranuloma venereum",2,2,N/A,2,2,2,2,26,25,2,2,N/A,2,2,2,26,26,2,2,N/A,2,2,2,26,26,2,2,N/A,2,2,2,26,26,2,2,N/A,1,2,N/A,1,2,N/A
Georgia,7/1/2016,12/31/2021,18,18,1,2,N/A,2,0,0,0,1,2,0,0,0,1,2,2,2,2,2,18,18,0,1,N/A,1,2,2,2,0,0,0,1,N/A,1,2,2,0,0,1,2,N/A,2,2,2,18,18,1,2,N/A,0,1,N/A,1,2,2,2,0,0,0,1,N/A,1,2,2,0,0,1,2,N/A,2,2,2,18,18,1,2,N/A,2,2,2,18,18,1,2,N/A,1,2,N/A,1,2,N/A
Georgia,1/1/2013,6/30/2016,18,18,1,2,N/A,2,0,0,0,1,2,0,0,0,1,2,2,2,2,2,18,18,0,1,N/A,1,2,2,2,0,0,0,1,N/A,1,2,2,0,0,1,2,N/A,2,2,2,18,18,1,2,N/A,0,1,N/A,1,2,2,2,0,0,0,1,N/A,1,2,2,0,0,1,2,N/A,2,2,2,18,18,2,2,N/A,2,2,2,18,18,1,2,N/A,1,2,N/A,1,2,N/A
Georgia,1/1/1972,12/31/2012,18,18,1,2,N/A,2,0,0,0,1,2,0,0,0,1,2,2,2,2,2,18,18,0,1,N/A,1,2,2,2,0,0,0,1,N/A,1,2,2,0,0,1,2,N/A,2,2,2,18,18,1,2,N/A,0,1,N/A,1,2,2,2,0,0,0,1,N/A,1,2,2,0,0,1,2,N/A,2,2,2,18,18,1,2,N/A,2,2,2,18,18,1,2,N/A,1,2,N/A,1,2,N/A
Georgia,1/1/1971,12/31/1971,18,18,1,2,N/A,2,0,0,0,1,2,0,0,0,1,2,2,2,2,2,18,18,0,1,N/A,1,2,2,2,0,0,0,1,N/A,1,2,2,0,0,1,2,N/A,2,2,2,18,18,1,2,N/A,2,2,N/A,2,2,2,2,26,25,2,2,N/A,2,2,2,26,26,2,2,N/A,2,2,2,26,26,2,2,N/A,2,2,2,26,26,2,2,N/A,1,2,N/A,1,2,N/A
Hawaii,1/24/1974,12/31/2021,18,18,1,2,N/A,2,0,0,0,1,2,0,0,0,1,2,2,2,2,2,18,18,0,1,N/A,1,2,2,2,14,14,0,1,N/A,1,2,2,14,14,1,2,N/A,2,2,2,18,18,1,2,N/A,0,1,N/A,1,2,2,2,14,14,0,1,N/A,1,2,2,14,14,1,2,N/A,2,2,2,18,18,1,2,N/A,2,2,2,18,18,1,2,N/A,1,2,N/A,1,2,N/A
Hawaii,3/28/1972,1/23/1974,18,18,1,2,N/A,2,0,0,0,1,2,0,0,0,1,2,2,2,2,2,18,18,0,1,N/A,1,2,2,2,14,14,0,1,N/A,1,2,2,14,14,1,2,N/A,2,2,2,18,18,1,2,N/A,2,2,N/A,2,2,2,2,26,25,2,2,N/A,2,2,2,26,26,2,2,N/A,2,2,2,26,26,2,2,N/A,2,2,2,26,26,2,2,N/A,1,2,N/A,1,2,N/A
Hawaii,1/1/1968,3/27/1972,20,20,1,2,N/A,2,0,0,0,1,2,0,0,0,1,2,2,2,2,2,20,20,0,1,N/A,1,2,2,2,14,14,0,1,N/A,1,2,2,14,14,1,2,N/A,2,2,2,20,20,1,2,N/A,2,2,N/A,2,2,2,2,26,25,2,2,N/A,2,2,2,26,26,2,2,N/A,2,2,2,26,26,2,2,N/A,2,2,2,26,26,2,2,N/A,1,2,N/A,1,2,N/A
Idaho,7/1/2005,12/31/2021,18,18,0,0,Needs competence,0,1,1,1,0,0,1,1,1,0,0,0,1,2,2,0,0,0,0,Needs competence if minor is less than 14 years of age,1,2,2,2,0,0,0,0,Needs competence if minor is less than 14 years of age,1,2,2,0,0,0,0,Needs competence,1,2,2,0,0,0,0,"Syphilis, Gonorrhea, Chlamydia, Hepatitis B, Chancroid",0,0,Needs competence if minor is less than 14 years of age,1,2,2,2,0,0,0,0,Needs competence if minor is less than 14 years of age,1,2,2,0,0,0,0,Needs competence,1,2,2,0,0,0,0,Needs competence,1,2,2,0,0,0,0,Needs competence,1,2,N/A,1,2,N/A
Idaho,1/1/1988,6/30/2005,18,18,1,2,N/A,2,0,0,0,1,2,0,0,0,1,2,2,2,2,2,18,18,0,1,N/A,1,2,2,2,14,14,0,1,N/A,1,2,2,14,14,1,2,N/A,1,2,2,18,18,0,0,"Syphilis, Gonorrhea, Chlamydia, Hepatitis B, Chancroid",0,1,N/A,1,2,2,2,14,14,0,1,N/A,1,2,2,14,14,1,2,N/A,2,2,2,18,18,2,2,N/A,2,2,2,26,26,1,2,N/A,1,2,N/A,1,2,N/A
Idaho,1/1/1972,12/31/1987,18,18,1,2,N/A,2,0,0,0,1,2,0,0,0,1,2,2,2,2,2,18,18,0,1,N/A,1,2,2,2,14,14,0,1,N/A,1,2,2,14,14,1,2,N/A,1,2,2,18,18,1,2,N/A,0,1,N/A,1,2,2,2,14,14,0,1,N/A,1,2,2,14,14,1,2,N/A,2,2,2,18,18,2,2,N/A,2,2,2,26,26,2,2,N/A,1,2,N/A,1,2,N/A
Idaho,1/1/1971,12/31/1971,21,18,1,2,N/A,2,0,0,0,1,2,0,0,0,1,2,2,2,2,2,21,18,0,1,N/A,1,2,2,2,14,14,0,1,N/A,1,2,2,14,14,1,2,N/A,1,2,2,21,18,1,2,N/A,2,2,N/A,2,2,2,2,26,25,2,2,N/A,2,2,2,26,26,2,2,N/A,2,2,2,26,26,2,2,N/A,2,2,2,26,26,2,2,N/A,1,2,N/A,1,2,N/A
Illinois,1/1/2020,12/31/2021,18,18,1,2,N/A,2,0,0,0,1,2,0,0,0,1,2,2,2,2,2,18,18,0,1,N/A,0,1,1,1,12,12,0,1,N/A,0,1,1,12,12,0,1,N/A,0,1,1,12,12,1,2,N/A,0,1,N/A,0,1,1,1,12,12,0,1,N/A,0,1,1,12,12,0,1,N/A,0,1,1,12,12,0,1,N/A,0,1,1,12,12,0,1,N/A,1,2,N/A,1,2,N/A
Illinois,6/28/2013,12/31/2019,18,18,1,2,N/A,2,0,0,0,1,2,0,0,0,1,2,2,2,2,2,18,18,0,1,N/A,0,1,1,1,12,12,0,1,N/A,0,1,1,12,12,1,2,N/A,2,2,2,18,18,1,2,N/A,0,1,N/A,0,1,1,1,12,12,0,1,N/A,0,1,1,12,12,1,2,N/A,2,2,2,18,18,1,2,N/A,2,2,2,18,18,1,2,N/A,1,2,N/A,1,2,N/A
Illinois,1/1/1992,6/27/2013,18,18,1,2,N/A,2,0,0,0,1,2,0,0,0,1,2,2,2,2,2,18,18,0,1,N/A,0,1,1,1,12,12,0,1,N/A,0,1,1,12,12,1,2,N/A,2,2,2,18,18,0,0,"syphilis, gonorrhea, chlamydia, chancroid",0,1,N/A,0,1,1,1,12,12,0,1,N/A,0,1,1,12,12,1,2,N/A,2,2,2,18,18,2,2,N/A,2,2,2,18,18,1,2,N/A,1,2,N/A,1,2,N/A
Illinois,8/24/1971,12/31/1991,18,18,1,2,N/A,2,0,0,0,1,2,0,0,0,1,2,2,2,2,2,18,18,0,1,N/A,0,1,1,1,12,12,0,1,N/A,0,1,1,12,12,1,2,N/A,2,2,2,18,18,1,2,N/A,0,1,N/A,0,1,1,1,12,12,0,1,N/A,0,1,1,12,12,1,2,N/A,2,2,2,18,18,2,2,N/A,2,2,2,26,26,2,2,N/A,1,2,N/A,1,2,N/A
Illinois,8/28/1969,8/23/1971,21,18,1,2,N/A,2,0,0,0,1,2,0,0,0,1,2,2,2,2,2,21,18,0,1,N/A,0,1,1,1,12,12,0,1,N/A,0,1,1,12,12,1,2,N/A,2,2,2,21,18,1,2,N/A,2,2,N/A,2,2,2,2,26,25,2,2,N/A,2,2,2,26,26,2,2,N/A,2,2,2,26,26,2,2,N/A,2,2,2,26,26,2,2,N/A,1,2,N/A,1,2,N/A
Illinois,1/1/1961,8/27/1969,21,18,1,2,N/A,2,0,0,0,1,2,0,0,0,1,2,2,2,2,2,21,18,0,1,N/A,0,1,1,1,12,12,0,1,N/A,0,1,1,12,12,1,2,N/A,2,2,2,21,18,1,2,N/A,2,2,N/A,2,2,2,2,26,25,2,2,N/A,2,2,2,26,26,2,2,N/A,2,2,2,26,26,2,2,N/A,2,2,2,26,26,2,2,N/A,1,2,N/A,1,2,N/A
Indiana,4/30/1993,12/31/2021,18,18,1,2,N/A,2,0,0,0,1,2,0,0,0,1,2,2,2,2,2,18,18,0,1,N/A,1,2,2,2,0,0,0,1,N/A,1,2,2,0,0,1,2,N/A,2,2,2,18,18,1,2,N/A,0,1,N/A,1,2,2,2,0,0,0,1,N/A,1,2,2,0,0,1,2,N/A,2,2,2,18,18,1,2,N/A,2,2,2,18,18,1,2,N/A,1,2,N/A,1,2,N/A
Indiana,3/20/1990,4/29/1993,18,18,1,2,N/A,2,0,0,0,1,2,0,0,0,1,2,2,2,2,2,18,18,1,2,N/A,2,2,2,2,18,18,1,2,N/A,2,2,2,18,18,1,2,N/A,2,2,2,18,18,1,2,N/A,1,2,N/A,2,2,2,2,18,18,1,2,N/A,2,2,2,18,18,1,2,N/A,2,2,2,18,18,2,2,N/A,2,2,2,26,26,2,2,N/A,1,2,N/A,1,2,N/A
Indiana,1/1/1973,3/19/1990,18,18,1,2,N/A,2,0,0,0,1,2,0,0,0,1,2,2,2,2,2,18,18,1,2,N/A,2,2,2,2,18,18,1,2,N/A,2,2,2,18,18,1,2,N/A,2,2,2,18,18,1,2,N/A,1,2,N/A,2,2,2,2,18,18,1,2,N/A,2,2,2,18,18,1,2,N/A,2,2,2,18,18,2,2,N/A,2,2,2,26,26,2,2,N/A,1,2,N/A,1,2,N/A
Iowa,1/1/2008,12/31/2021,18,18,1,2,N/A,2,0,0,0,1,2,0,0,0,1,2,2,2,2,2,18,18,0,1,N/A,1,2,2,2,0,0,0,1,N/A,1,2,2,0,0,0,1,N/A,1,2,2,0,0,1,2,N/A,0,1,N/A,1,2,2,2,0,0,0,1,N/A,1,2,2,0,0,0,1,N/A,1,2,2,0,0,0,1,N/A,1,2,2,0,0,0,1,N/A,1,2,N/A,1,2,N/A
Iowa,4/21/2000,12/31/2007,18,18,1,2,N/A,2,0,0,0,1,2,0,0,0,1,2,2,2,2,2,18,18,0,1,N/A,1,2,2,2,0,0,0,1,N/A,1,2,2,0,0,1,2,N/A,2,2,2,18,18,1,2,N/A,0,1,N/A,1,2,2,2,0,0,0,1,N/A,1,2,2,0,0,1,2,N/A,2,2,2,18,18,2,2,N/A,2,2,2,26,26,1,2,N/A,1,2,N/A,1,2,N/A
Iowa,1/1/1999,4/20/2000,18,18,1,2,N/A,2,0,0,0,1,2,0,0,0,1,2,2,2,2,2,18,18,0,1,N/A,1,2,2,2,0,0,0,1,N/A,1,2,2,0,0,1,2,N/A,2,2,2,18,18,1,2,N/A,0,1,N/A,1,2,2,2,0,0,0,1,N/A,1,2,2,0,0,1,2,N/A,2,2,2,18,18,2,2,N/A,2,2,2,26,26,2,2,N/A,1,2,N/A,1,2,N/A
Iowa,1/1/1973,12/31/1998,18,18,1,2,N/A,2,0,0,0,1,2,0,0,0,1,2,2,2,2,2,18,18,1,2,N/A,2,2,2,2,18,18,1,2,N/A,2,2,2,18,18,1,2,N/A,2,2,2,18,18,1,2,N/A,1,2,N/A,2,2,2,2,18,18,1,2,N/A,2,2,2,18,18,1,2,N/A,2,2,2,18,18,2,2,N/A,2,2,2,26,26,2,2,N/A,1,2,N/A,1,2,N/A
Kansas,1/1/1978,12/31/2021,18,18,0,0,Must be capable of providing informed consent (mature),0,1,1,1,0,0,1,1,1,0,0,0,1,2,2,16,16,0,1,N/A,1,2,2,2,0,0,0,1,N/A,1,2,2,0,0,0,1,N/A,1,2,2,0,0,1,2,N/A,0,1,N/A,1,2,2,2,0,0,0,1,N/A,1,2,2,0,0,0,1,N/A,1,2,2,0,0,0,1,N/A,1,2,2,0,0,0,1,N/A,1,2,N/A,1,2,N/A
Kansas,1/1/1969,12/31/1977,18,18,0,0,Must be capable of providing informed consent (mature),0,1,1,1,0,2,0,0,0,1,0,0,1,2,2,16,16,0,1,N/A,1,2,2,2,0,0,0,1,N/A,1,2,2,0,0,0,1,N/A,1,2,2,0,0,1,2,N/A,2,2,N/A,2,2,2,2,26,25,2,2,N/A,2,2,2,26,26,2,2,N/A,2,2,2,26,26,2,2,N/A,2,2,2,26,26,2,2,N/A,1,2,N/A,1,2,N/A
Kentucky,4/6/1990,12/31/2021,18,18,0,0,"In the professional's judgment, the risk to the minor's life or health is of such a nature that treatment should be given without delay and the requirement of consent would result in delay or denial of treatment",0,1,1,1,0,0,1,1,1,0,0,0,1,2,2,0,0,0,1,N/A,0,1,0,0,0,0,0,1,N/A,0,1,0,0,0,0,0,"In the professional's judgment, the risk to the minor's life or health is of such a nature that treatment should be given without delay and the requirement of consent would result in delay or denial of treatment",1,2,2,0,0,0,0,"Syphilis, Gonorrhea, Chancroid, Granuloma Inguinale, Genital Herpes, Nongonococcal Urethritis, Mucopurulent Cervicitis, Chlamydia",0,1,N/A,0,1,0,0,0,0,0,1,N/A,0,1,0,0,0,0,0,"In the professional's judgment, the risk to the minor's life or health is of such a nature that treatment should be given without delay and the requirement of consent would result in delay or denial of treatment",1,2,2,0,0,0,0,"In the professional's judgment, the risk to the minor's life or health is of such a nature that treatment should be given without delay and the requirement of consent would result in delay or denial of treatment",1,2,2,0,0,0,0,"In the professional's judgment, the risk to the minor's life or health is of such a nature that treatment should be given without delay and the requirement of consent would result in delay or denial of treatment",1,2,N/A,1,2,N/A
Kentucky,1/1/1970,4/5/1990,18,18,0,0,"In the professional's judgment, the risk to the minor's life or health is of such a nature that treatment should be given without delay and the requirement of consent would result in delay or denial of treatment",0,1,1,1,0,0,1,1,1,0,0,0,1,2,2,0,0,0,1,N/A,0,1,0,0,0,0,0,1,N/A,0,1,0,0,0,0,0,"In the professional's judgment, the risk to the minor's life or health is of such a nature that treatment should be given without delay and the requirement of consent would result in delay or denial of treatment",1,2,2,0,0,1,2,N/A,0,1,N/A,0,1,0,0,0,0,0,1,N/A,0,1,0,0,0,0,0,"In the professional's judgment, the risk to the minor's life or health is of such a nature that treatment should be given without delay and the requirement of consent would result in delay or denial of treatment",1,2,2,0,0,2,2,N/A,2,2,2,26,26,2,2,N/A,1,2,N/A,1,2,N/A
Kentucky,1/1/1964,12/31/1969,18,18,1,2,N/A,2,0,0,0,1,2,0,0,0,1,2,2,2,2,2,18,18,1,2,N/A,2,2,2,2,18,18,1,2,N/A,2,2,2,18,18,1,2,N/A,2,2,2,18,18,1,2,N/A,2,2,N/A,2,2,2,2,26,25,2,2,N/A,2,2,2,26,26,2,2,N/A,2,2,2,26,26,2,2,N/A,2,2,2,26,26,2,2,N/A,1,2,N/A,1,2,N/A
Louisiana,8/15/2007,12/31/2021,18,18,0,0,Believes themself to be afflicted with an illness or disease,0,1,1,1,0,0,1,1,1,0,0,0,0,1,0,0,0,0,0,Believes themself to be afflicted with a venereal disease,0,1,0,0,0,0,0,0,Believes themself to be afflicted with a venereal disease,0,1,0,0,0,0,0,Believes themself to be afflicted with a venereal disease,0,1,0,0,0,1,2,N/A,0,0,Believes themself to be afflicted with an illness or disease,0,1,0,0,0,0,0,0,Believes themself to be afflicted with an illness or disease,0,1,0,0,0,0,0,Believes themself to be afflicted with an illness or disease,0,1,0,0,0,0,0,Believes themself to be afflicted with an illness or disease,0,1,0,0,0,0,0,Believes themself to be afflicted with an illness or disease,1,2,N/A,1,2,N/A
Louisiana,6/17/2006,8/14/2007,18,18,0,0,Believes themself to be afflicted with an illness or disease,0,1,1,1,0,0,1,1,1,0,0,0,0,1,0,0,0,0,0,Believes themself to be afflicted with a venereal disease,0,1,0,0,0,0,0,0,Believes themself to be afflicted with a venereal disease,0,1,0,0,0,0,0,Believes themself to be afflicted with a venereal disease,0,1,0,0,0,0,1,"syphilis, chancroid, and gonorrhea",0,0,Believes themself to be afflicted with an illness or disease,0,1,0,0,0,0,0,0,Believes themself to be afflicted with an illness or disease,0,1,0,0,0,0,0,Believes themself to be afflicted with an illness or disease,0,1,0,0,0,2,2,N/A,2,2,2,26,26,0,0,Believes themself to be afflicted with an illness or disease,1,2,N/A,1,2,N/A
Louisiana,10/13/1972,6/16/2006,18,18,0,0,Believes themself to be afflicted with an illness or disease,0,1,1,1,0,0,1,1,1,0,0,0,0,1,0,0,0,0,0,Believes themself to be afflicted with a venereal disease,0,1,0,0,0,0,0,0,Believes themself to be afflicted with a venereal disease,0,1,0,0,0,0,0,Believes themself to be afflicted with a venereal disease,0,1,0,0,0,1,1,N/A,0,0,Believes themself to be afflicted with an illness or disease,0,1,0,0,0,0,0,0,Believes themself to be afflicted with an illness or disease,0,1,0,0,0,0,0,Believes themself to be afflicted with an illness or disease,0,1,0,0,0,2,2,N/A,2,2,2,26,26,0,0,Believes themself to be afflicted with an illness or disease,1,2,N/A,1,2,N/A
Louisiana,1/1/1972,10/12/1972,21,21,0,0,Believes themself to be afflicted with an illness or disease,0,1,1,1,0,2,0,0,0,1,0,0,0,1,0,0,0,0,0,Believes themself to be afflicted with a venereal disease,0,1,0,0,0,0,0,0,Believes themself to be afflicted with a venereal disease,0,1,0,0,0,0,0,Believes themself to be afflicted with a venereal disease,0,1,0,0,0,1,2,N/A,2,2,N/A,2,2,2,2,26,25,2,2,N/A,2,2,2,26,26,2,2,N/A,2,2,2,26,26,2,2,N/A,2,2,2,26,26,2,2,N/A,1,2,N/A,1,2,N/A
Louisiana,1/1/1970,12/31/1971,21,21,1,2,N/A,2,0,0,0,1,2,0,0,0,1,2,2,2,2,2,21,21,0,0,Believes themself to be afflicted with a venereal disease,0,1,0,0,0,0,0,0,Believes themself to be afflicted with a venereal disease,0,1,0,0,0,0,0,Believes themself to be afflicted with a venereal disease,0,1,0,0,0,1,2,N/A,2,2,N/A,2,2,2,2,26,25,2,2,N/A,2,2,2,26,26,2,2,N/A,2,2,2,26,26,2,2,N/A,2,2,2,26,26,2,2,N/A,1,2,N/A,1,2,N/A
Maine,9/19/2019,12/31/2021,18,18,1,2,N/A,2,0,0,0,1,2,0,0,0,1,2,2,2,2,2,18,18,0,1,N/A,0,1,0,0,0,0,0,1,N/A,0,1,0,0,0,0,1,N/A,0,1,0,0,0,1,2,N/A,0,1,N/A,0,1,0,0,0,0,0,1,N/A,0,1,0,0,0,0,1,N/A,0,1,0,0,0,0,1,N/A,0,1,0,0,0,0,1,N/A,1,2,N/A,1,2,N/A
Maine,10/1/1997,9/18/2019,18,18,1,2,N/A,2,0,0,0,1,2,0,0,0,1,2,2,2,2,2,18,18,0,1,N/A,0,1,0,0,0,0,0,1,N/A,0,1,0,0,0,1,2,N/A,2,2,2,18,18,1,2,N/A,0,1,N/A,0,1,0,0,0,0,0,1,N/A,0,1,0,0,0,1,2,N/A,2,2,2,18,18,1,2,N/A,2,2,2,18,18,1,2,N/A,1,2,N/A,1,2,N/A
Maine,6/9/1972,9/30/1997,18,18,1,2,N/A,2,0,0,0,1,2,0,0,0,1,2,2,2,2,2,18,18,0,1,N/A,0,1,0,0,0,0,0,1,N/A,0,1,0,0,0,1,2,N/A,2,2,2,18,18,1,2,N/A,0,1,N/A,0,1,0,0,0,0,0,1,N/A,0,1,0,0,0,1,2,N/A,2,2,2,18,18,2,2,N/A,2,2,2,26,26,2,2,N/A,1,2,N/A,1,2,N/A
Maine,1/1/1971,6/8/1972,20,20,1,2,N/A,2,0,0,0,1,2,0,0,0,1,2,2,2,2,2,20,20,0,1,N/A,0,1,0,0,0,0,0,1,N/A,0,1,0,0,0,1,2,N/A,2,2,2,20,20,1,2,N/A,2,2,N/A,2,2,2,2,26,25,2,2,N/A,2,2,2,26,26,2,2,N/A,2,2,2,26,26,2,2,N/A,2,2,2,26,26,2,2,N/A,1,2,N/A,1,2,N/A
Maine,10/1/1969,12/31/1970,20,20,1,2,N/A,2,0,0,0,1,2,0,0,0,1,2,2,2,2,2,20,20,1,2,N/A,2,2,2,2,20,20,1,2,N/A,2,2,2,20,20,1,2,N/A,2,2,2,20,20,1,2,N/A,2,2,N/A,2,2,2,2,26,25,2,2,N/A,2,2,2,26,26,2,2,N/A,2,2,2,26,26,2,2,N/A,2,2,2,26,26,2,2,N/A,1,2,N/A,1,2,N/A
Maryland,10/1/2019,12/31/2021,18,18,0,0,Physician must find that the life or health of the minor would be affected adversely by delaying treatment,0,1,1,1,0,0,1,1,1,0,0,0,0,1,0,0,0,0,1,N/A,0,1,0,0,0,0,0,1,N/A,0,1,0,0,0,0,0,Physician must find that the life or health of the minor would be affected adversely by delaying treatment,0,1,0,0,0,1,2,N/A,0,1,N/A,0,1,0,0,0,0,0,1,N/A,0,1,0,0,0,0,1,N/A,0,1,0,0,0,0,1,N/A,0,1,0,0,0,0,1,N/A,1,2,N/A,1,2,N/A
Maryland,7/1/1982,9/30/2019,18,18,0,0,Physician must find that the life or health of the minor would be affected adversely by delaying treatment,0,1,1,1,0,0,1,1,1,0,0,0,0,1,0,0,0,0,1,N/A,0,1,0,0,0,0,0,1,N/A,0,1,0,0,0,0,0,Physician must find that the life or health of the minor would be affected adversely by delaying treatment,0,1,0,0,0,1,2,N/A,0,1,N/A,0,1,0,0,0,0,0,1,N/A,0,1,0,0,0,0,0,Physician must find that the life or health of the minor would be affected adversely by delaying treatment,0,1,0,0,0,0,0,Physician must find that the life or health of the minor would be affected adversely by delaying treatment,0,1,0,0,0,0,0,Physician must find that the life or health of the minor would be affected adversely by delaying treatment,1,2,N/A,1,2,N/A
Maryland,7/1/1973,6/30/1982,18,18,1,2,N/A,2,0,0,0,1,2,0,0,0,1,2,2,2,2,2,18,18,1,2,N/A,2,2,2,2,18,18,1,2,N/A,2,2,2,18,18,1,2,N/A,2,2,2,18,18,1,2,N/A,1,2,N/A,2,2,2,2,18,18,1,2,N/A,2,2,2,18,18,1,2,N/A,2,2,2,18,18,2,2,N/A,2,2,2,26,26,2,2,N/A,1,2,N/A,1,2,N/A
Massachusetts,10/1/1975,12/31/2021,18,18,1,2,N/A,2,0,0,0,1,2,0,0,0,1,2,2,2,2,2,18,18,0,0,Must either be in a public clinic or must reasonably believe themself to have or to have come in contact with a disease dangerous to public health,0,0,1,1,0,0,0,0,Must either be in a public clinic or must reasonably believe themself to have or to have come in contact with a disease dangerous to public health,0,0,1,0,0,1,2,N/A,2,2,2,18,18,0,0,"Chlamydia, Gonorrhea, Herpes, Syphilis, Genital warts, Chancroid, Granuloma inguinale, Lymphogranuloma venereum, Ophthalmia neonatorum, PID",0,0,Must either be in a public clinic or must reasonably believe themself to have or to have come in contact with a disease dangerous to public health,0,0,1,1,0,0,0,0,Must either be in a public clinic or must reasonably believe themself to have or to have come in contact with a disease dangerous to public health,0,0,1,0,0,1,2,N/A,2,2,2,18,18,1,2,N/A,2,2,2,18,18,1,2,N/A,1,2,N/A,1,2,N/A
Massachusetts,1/1/1974,9/30/1975,18,18,1,2,N/A,2,0,0,0,1,2,0,0,0,1,2,2,2,2,2,18,18,0,0,Must be in a public clinic,1,2,2,2,0,0,0,0,Must be in a public clinic,1,2,2,0,0,1,2,N/A,2,2,2,18,18,0,2,"Chlamydia, Gonorrhea, Herpes, Syphilis, Genital warts, Chancroid, Granuloma inguinale, Lymphogranuloma venereum, Ophthalmia neonatorum, PID",2,2,N/A,2,2,2,2,26,25,2,2,N/A,2,2,2,26,26,2,2,N/A,2,2,2,26,26,2,2,N/A,2,2,2,26,26,2,2,N/A,1,2,N/A,1,2,N/A
Massachusetts,1/1/1938,12/31/1973,18,18,1,2,N/A,2,0,0,0,1,2,0,0,0,1,2,2,2,2,2,18,18,0,0,Must be in a public clinic,1,2,2,2,0,0,0,0,Must be in a public clinic,1,2,2,0,0,1,2,N/A,2,2,2,18,18,0,2,"Chlamydia, Gonorrhea, Herpes, Syphilis, Genital warts, Chancroid, Granuloma inguinale, Lymphogranuloma venereum, Ophthalmia neonatorum, PID",2,2,N/A,2,2,2,2,26,25,2,2,N/A,2,2,2,26,26,2,2,N/A,2,2,2,26,26,2,2,N/A,2,2,2,26,26,2,2,N/A,1,2,N/A,1,2,N/A
Massachusetts,1895-01-01,12/31/1937,18,18,1,2,N/A,2,0,0,0,1,2,0,0,0,1,2,2,2,2,2,18,18,0,0,Must be in a public clinic,1,2,2,2,0,0,0,0,Must be in a public clinic,1,2,2,0,0,1,2,N/A,2,2,2,18,18,1,2,N/A,2,2,N/A,2,2,2,2,26,25,2,2,N/A,2,2,2,26,26,2,2,N/A,2,2,2,26,26,2,2,N/A,2,2,2,26,26,2,2,N/A,1,2,N/A,1,2,N/A
Michigan,3/30/1989,12/31/2021,18,18,1,2,N/A,2,0,0,0,1,2,0,0,0,1,2,2,2,2,2,18,18,0,0,Minor who is or professes to be infected with a sexually transmitted infection or HIV,0,1,0,0,0,0,0,0,Minor who is or professes to be infected with a sexually transmitted infection or HIV,0,1,0,0,0,0,0,Minor who is or professes to be infected with a sexually transmitted infection or HIV,0,1,0,0,0,1,2,N/A,0,0,Minor who is or professes to be infected with a sexually transmitted infection or HIV,0,1,0,0,0,0,0,0,Minor who is or professes to be infected with a sexually transmitted infection or HIV,0,1,0,0,0,0,0,Minor who is or professes to be infected with a sexually transmitted infection or HIV,0,1,0,0,0,0,0,Minor who is or professes to be infected with a sexually transmitted infection or HIV,0,1,0,0,0,0,0,Minor who is or professes to be infected with a sexually transmitted infection or HIV,1,2,N/A,1,2,N/A
Michigan,1/1/1972,3/29/1989,18,18,1,2,N/A,2,0,0,0,1,2,0,0,0,1,2,2,2,2,2,18,18,1,2,N/A,2,1,2,2,18,18,1,2,N/A,2,2,2,18,18,1,2,N/A,2,2,2,18,18,1,2,N/A,1,2,N/A,2,2,2,2,18,18,1,2,N/A,2,2,2,18,18,1,2,N/A,2,2,2,18,18,2,2,N/A,2,2,2,26,26,2,2,N/A,1,2,N/A,1,2,N/A
Minnesota,6/1/1973,12/31/2021,18,18,0,0,"In the professional's judgment, the risk to the minor's life or health is of such a nature that treatment should be given without delay and the requirement of consent would result in delay or denial of treatment",0,1,1,1,0,0,1,1,1,0,0,0,0,0,1,0,0,0,1,N/A,0,0,1,1,0,0,0,1,N/A,0,0,1,0,0,0,0,"In the professional's judgment, the risk to the minor's life or health is of such a nature that treatment should be given without delay and the requirement of consent would result in delay or denial of treatment",0,0,1,0,0,1,2,N/A,0,1,N/A,0,0,1,1,0,0,0,1,N/A,0,0,1,0,0,0,0,"In the professional's judgment, the risk to the minor's life or health is of such a nature that treatment should be given without delay and the requirement of consent would result in delay or denial of treatment",0,0,1,0,0,0,0,"In the professional's judgment, the risk to the minor's life or health is of such a nature that treatment should be given without delay and the requirement of consent would result in delay or denial of treatment",0,0,1,0,0,0,1,N/A,1,2,N/A,1,2,N/A
Minnesota,5/27/1971,5/31/1973,21,21,0,0,"In the professional's judgment, the risk to the minor's life or health is of such a nature that treatment should be given without delay and the requirement of consent would result in delay or denial of treatment",0,1,1,1,0,2,0,0,0,1,0,0,0,0,1,0,0,0,1,N/A,0,0,1,1,0,0,0,1,N/A,0,0,1,0,0,0,0,"In the professional's judgment, the risk to the minor's life or health is of such a nature that treatment should be given without delay and the requirement of consent would result in delay or denial of treatment",0,0,1,0,0,1,2,N/A,2,2,N/A,2,2,2,2,26,25,2,2,N/A,2,2,2,26,26,2,2,N/A,2,2,2,26,26,2,2,N/A,2,2,2,26,26,2,2,N/A,1,2,N/A,1,2,N/A
Mississippi,7/1/1998,12/31/2021,21,21,0,1,N/A,0,1,1,1,0,0,1,1,1,0,0,0,1,2,2,18,18,0,1,N/A,0,1,0,0,0,0,0,1,N/A,0,1,0,0,0,0,1,N/A,1,2,2,18,18,1,2,N/A,0,1,N/A,0,1,0,0,0,0,0,1,N/A,0,1,0,0,0,0,1,N/A,1,2,2,18,18,0,1,N/A,1,2,2,18,18,0,1,N/A,1,2,N/A,1,2,N/A
Mississippi,1/1/1942,6/30/1998,21,21,1,2,N/A,2,0,0,0,1,2,0,0,0,1,2,2,2,2,2,21,21,0,1,N/A,0,1,0,0,0,0,0,1,N/A,0,1,0,0,0,1,2,N/A,2,2,2,21,21,0,0,"Chlamydia, Gonorrhea, Syphilis",0,1,N/A,0,1,0,0,0,0,0,1,N/A,0,1,0,0,0,1,2,N/A,2,2,2,21,21,2,2,N/A,2,2,2,26,26,2,2,N/A,1,2,N/A,1,2,N/A
Mississippi,1/1/1930,12/31/1941,21,21,1,2,N/A,2,0,0,0,1,2,0,0,0,1,2,2,2,2,2,21,21,1,2,N/A,2,2,2,2,21,21,1,2,N/A,2,2,2,21,21,1,2,N/A,2,2,2,21,21,2,0,N/A,2,2,N/A,2,2,2,2,26,25,2,2,N/A,2,2,2,26,26,2,2,N/A,2,2,2,26,26,2,2,N/A,2,2,2,26,26,2,2,N/A,1,2,N/A,1,2,N/A
Missouri,8/28/2014,12/31/2021,18,18,1,2,N/A,2,0,0,0,1,2,0,0,0,1,2,2,2,2,2,18,18,0,1,N/A,0,0,1,1,0,0,0,1,N/A,0,0,1,0,0,0,1,N/A,0,0,1,0,0,1,2,N/A,0,1,N/A,0,1,1,1,0,0,0,1,N/A,0,0,1,0,0,0,1,N/A,0,0,1,0,0,0,1,N/A,0,0,1,0,0,0,1,N/A,1,2,N/A,1,2,N/A
Missouri,1/1/2000,8/27/2014,18,18,1,2,N/A,2,0,0,0,1,2,0,0,0,1,2,2,2,2,2,18,18,0,1,N/A,0,0,1,1,0,0,0,1,N/A,0,0,1,0,0,0,1,N/A,0,0,1,0,0,1,2,N/A,0,1,N/A,0,1,1,1,0,0,0,1,N/A,0,0,1,0,0,0,1,N/A,0,0,1,0,0,0,1,N/A,0,0,1,0,0,0,1,N/A,1,2,N/A,1,2,N/A
Missouri,6/1/1988,12/31/1999,18,18,1,2,N/A,2,0,0,0,1,2,0,0,0,1,2,2,2,2,2,18,18,0,1,N/A,0,0,1,1,0,0,0,1,N/A,0,0,1,0,0,0,1,N/A,0,0,1,0,0,1,2,N/A,0,1,N/A,0,1,1,1,0,0,0,1,N/A,0,0,1,0,0,0,1,N/A,0,0,1,0,0,2,2,N/A,2,2,2,26,26,2,2,N/A,1,2,N/A,1,2,N/A
Missouri,1/7/1975,5/31/1988,18,18,1,2,N/A,2,0,0,0,1,2,0,0,0,1,2,2,2,2,2,18,18,0,1,N/A,0,0,1,1,0,0,0,1,N/A,0,0,1,0,0,0,1,N/A,0,0,1,0,0,1,2,N/A,0,1,N/A,0,1,1,1,0,0,0,1,N/A,0,0,1,0,0,0,1,N/A,0,0,1,0,0,2,2,N/A,2,2,2,26,26,2,2,N/A,1,2,N/A,1,2,N/A
Missouri,1/1/1971,1/6/1975,18,18,1,2,N/A,2,0,0,0,1,2,0,0,0,1,2,2,2,2,2,18,18,0,1,N/A,0,0,1,1,0,0,0,1,N/A,0,0,1,0,0,0,1,N/A,0,0,1,0,0,1,2,N/A,2,2,N/A,2,2,2,2,26,25,2,2,N/A,2,2,2,26,26,2,2,N/A,2,2,2,26,26,2,2,N/A,2,2,2,26,26,2,2,N/A,1,2,N/A,1,2,N/A
Montana,1/1/1989,12/31/2021,18,18,0,0,Minors may consent to general health care without guardian consent only for conditions that will endanger health if consent is delayed,0,1,1,1,0,0,1,1,1,0,0,0,1,2,2,0,0,0,0,Minor must profess to be afflicted with STI,1,2,2,2,0,0,0,0,Minor must profess to be afflicted with STI,1,2,2,0,0,0,0,Minor must profess to be afflicted with STI,1,2,2,0,0,0,0,Syphilis; Gonorrhea; Chancroid; Chlamydia genital infections; Lymphogranuloma venereum; Granuloma inguinale,0,0,Minor must profess to be afflicted with STI,1,2,2,2,0,0,0,0,Minor must profess to be afflicted with STI,1,2,2,0,0,0,0,Minor must profess to be afflicted with STI,1,2,2,0,0,0,0,Minor must profess to be afflicted with STI,1,2,2,0,0,0,0,Minor must profess to be afflicted with STI,1,2,N/A,1,2,N/A
Montana,1/1/1978,12/31/1988,18,18,0,0,Minors may consent to general health care without guardian consent only for conditions that will endanger health if consent is delayed,0,1,1,1,0,0,1,1,1,0,0,0,1,2,2,0,0,0,0,Minor must profess to be afflicted with STI,1,2,2,2,0,0,0,0,Minor must profess to be afflicted with STI,1,2,2,0,0,0,0,Minor must profess to be afflicted with STI,1,2,2,0,0,0,1,Syphilis; Gonorrhea; Chancroid; Chlamydia genital infections; Lymphogranuloma venereum; Granuloma inguinale,0,0,Minor must profess to be afflicted with STI,1,2,2,2,0,0,0,0,Minor must profess to be afflicted with STI,1,2,2,0,0,0,0,Minor must profess to be afflicted with STI,1,2,2,0,0,2,2,N/A,2,2,2,26,26,2,2,N/A,1,2,N/A,1,2,N/A
Montana,1/1/1969,12/31/1977,18,18,0,0,Minors may consent to general health care without guardian consent only for conditions that will endanger health if consent is delayed,0,1,1,1,0,2,0,0,0,1,0,0,1,2,2,0,0,0,0,Minor must profess to be afflicted with STI,1,2,2,2,0,0,0,0,Minor must profess to be afflicted with STI,1,2,2,0,0,0,0,Minor must profess to be afflicted with STI,1,2,2,0,0,0,2,Syphilis; Gonorrhea; Chancroid; Chlamydia genital infections; Lymphogranuloma venereum; Granuloma inguinale,2,2,N/A,2,2,2,2,26,25,2,2,N/A,2,2,2,26,26,2,2,N/A,2,2,2,26,26,2,2,N/A,2,2,2,26,26,2,2,N/A,1,2,N/A,1,2,N/A
Montana,1/1/1967,12/31/1968,18,18,1,2,N/A,2,0,0,0,1,2,0,0,0,1,2,2,2,2,2,18,18,1,2,N/A,2,2,2,2,18,18,1,2,N/A,2,2,2,18,18,1,2,N/A,2,2,2,18,18,0,2,Syphilis; Gonorrhea; Chancroid; Chlamydia genital infections; Lymphogranuloma venereum; Granuloma inguinale,2,2,N/A,2,2,2,2,26,25,2,2,N/A,2,2,2,26,26,2,2,N/A,2,2,2,26,26,2,2,N/A,2,2,2,26,26,2,2,N/A,1,2,N/A,1,2,N/A
Montana,1895-01-01,12/31/1966,18,18,1,2,N/A,2,0,0,0,1,2,0,0,0,1,2,2,2,2,2,18,18,1,2,N/A,2,2,2,2,18,18,1,2,N/A,2,2,2,18,18,1,2,N/A,2,2,2,18,18,1,2,N/A,2,2,N/A,2,2,2,2,26,25,2,2,N/A,2,2,2,26,26,2,2,N/A,2,2,2,26,26,2,2,N/A,2,2,2,26,26,2,2,N/A,1,2,N/A,1,2,N/A
Nebraska,1/1/2021,12/31/2021,19,19,1,2,N/A,2,0,0,0,1,2,0,0,0,1,2,2,2,2,2,19,19,0,1,N/A,0,1,0,0,0,0,0,1,N/A,0,1,0,0,0,0,1,N/A,0,1,0,0,0,0,0,Bacterial vaginosis; Candidiasis; Chancroid; Chlamydia trachomatis infection; Genital herpes infection; Gonorrhea; Granuloma inguinale; Hepatitis B infection; Human papilloma virus (HPV) infection; Lymphogranuloma venereum; Syphilis; Trichomoniasis,0,1,N/A,0,1,0,0,0,0,0,1,N/A,0,1,0,0,0,0,1,N/A,0,1,0,0,0,0,1,N/A,0,1,0,0,0,0,1,N/A,1,2,N/A,1,2,N/A
Nebraska,1/1/1972,12/31/2020,19,19,1,2,N/A,2,0,0,0,1,2,0,0,0,1,2,2,2,2,2,19,19,0,1,N/A,0,1,0,0,0,0,0,1,N/A,0,1,0,0,0,0,1,N/A,0,1,0,0,0,0,1,"Include, but not limited to, syphilis, gonorrhea, and chancroid",0,1,N/A,0,1,0,0,0,0,0,1,N/A,0,1,0,0,0,0,1,N/A,0,1,0,0,0,0,1,N/A,0,1,0,0,0,0,1,N/A,1,2,N/A,1,2,N/A
Nebraska,1/1/1969,12/31/1971,20,20,1,2,N/A,2,0,0,0,1,2,0,0,0,1,2,2,2,2,2,20,20,1,2,N/A,2,2,2,2,20,20,1,2,N/A,2,2,2,20,20,1,2,N/A,2,2,2,20,20,0,2,"Include, but not limited to, syphilis, gonorrhea, and chancroid",2,2,N/A,2,2,2,2,26,25,2,2,N/A,2,2,2,26,26,2,2,N/A,2,2,2,26,26,2,2,N/A,2,2,2,26,26,2,2,N/A,1,2,N/A,1,2,N/A
Nebraska,1/1/1921,12/31/1968,21,21,1,2,N/A,2,0,0,0,1,2,0,0,0,1,2,2,2,2,2,21,21,1,2,N/A,2,2,2,2,21,21,1,2,N/A,2,2,2,21,21,1,2,N/A,2,2,2,21,21,0,2,"Include, but not limited to, syphilis, gonorrhea, and chancroid",2,2,N/A,2,2,2,2,26,25,2,2,N/A,2,2,2,26,26,2,2,N/A,2,2,2,26,26,2,2,N/A,2,2,2,26,26,2,2,N/A,1,2,N/A,1,2,N/A
Nebraska,1/1/1919,12/31/1920,21,18,1,2,N/A,2,0,0,0,1,2,0,0,0,1,2,2,2,2,2,21,18,1,2,N/A,2,2,2,2,21,18,1,2,N/A,2,2,2,21,18,1,2,N/A,2,2,2,21,18,0,2,"Include, but not limited to, syphilis, gonorrhea, and chancroid",2,2,N/A,2,2,2,2,26,25,2,2,N/A,2,2,2,26,26,2,2,N/A,2,2,2,26,26,2,2,N/A,2,2,2,26,26,2,2,N/A,1,2,N/A,1,2,N/A
Nevada,1/24/1992,12/31/2021,18,18,0,0,"Minor is, in the judgment of a provider of health care, in danger of suffering a serious health hazard if health care services are not provided",0,1,1,1,0,0,1,1,1,0,0,0,0,1,1,0,0,0,1,N/A,0,1,1,1,0,0,0,1,N/A,0,1,1,0,0,0,0,"Minor is, in the judgment of a provider of health care, in danger of suffering a serious health hazard if health care services are not provided",0,1,1,0,0,0,0,Chlamydia; Herpes; HPV; Gonorrhea; Syphilis; PID; Chancroid; Granuloma inguinale; Hepatitis B; Lymphogranuloma venereum; Nongonococcal urethritis,0,1,N/A,0,1,1,1,0,0,0,1,N/A,0,1,1,0,0,0,0,"Minor is, in the judgment of a provider of health care, in danger of suffering a serious health hazard if health care services are not provided",0,1,1,0,0,0,0,"Minor is, in the judgment of a provider of health care, in danger of suffering a serious health hazard if health care services are not provided",0,1,1,0,0,0,0,"Minor is, in the judgment of a provider of health care, in danger of suffering a serious health hazard if health care services are not provided",1,2,N/A,1,2,N/A
Nevada,1/1/1973,1/23/1992,18,18,0,0,"Minor is, in the judgment of a physician, in danger of suffering a serious health hazard if health care services are not provided",0,1,1,1,0,0,1,1,1,0,0,0,0,1,1,0,0,0,1,N/A,0,1,1,1,0,0,0,1,N/A,0,1,1,0,0,0,0,"Minor is, in the judgment of a physician, in danger of suffering a serious health hazard if health care services are not provided",0,1,1,0,0,1,2,N/A,0,1,N/A,0,1,1,1,0,0,0,1,N/A,0,1,1,0,0,0,0,"Minor is, in the judgment of a physician, in danger of suffering a serious health hazard if health care services are not provided",0,1,1,0,0,2,2,N/A,2,2,2,26,26,2,2,N/A,1,2,N/A,1,2,N/A
Nevada,1/1/1971,12/31/1972,21,18,0,0,"Minor is, in the judgment of a physician, in danger of suffering a serious health hazard if health care services are not provided",0,1,1,1,0,2,0,0,0,1,0,0,0,1,1,0,0,0,1,N/A,0,1,1,1,0,0,0,1,N/A,0,1,1,0,0,0,0,"Minor is, in the judgment of a physician, in danger of suffering a serious health hazard if health care services are not provided",0,1,1,0,0,1,2,N/A,2,2,N/A,2,2,2,2,26,25,2,2,N/A,2,2,2,26,26,2,2,N/A,2,2,2,26,26,2,2,N/A,2,2,2,26,26,2,2,N/A,1,2,N/A,1,2,N/A
Nevada,1/1/1965,12/31/1970,21,18,0,0,"Minor is, in the judgment of a physician, in danger of suffering a serious health hazard if health care services are not provided",0,1,1,1,0,2,0,0,0,1,0,0,0,1,1,0,0,0,0,"Minor is, in the judgment of a physician, in danger of suffering a serious health hazard if health care services are not provided",0,1,1,1,0,0,0,0,"Minor is, in the judgment of a physician, in danger of suffering a serious health hazard if health care services are not provided",0,1,1,0,0,0,0,"Minor is, in the judgment of a physician, in danger of suffering a serious health hazard if health care services are not provided",0,1,1,0,0,1,2,N/A,2,2,N/A,2,2,2,2,26,25,2,2,N/A,2,2,2,26,26,2,2,N/A,2,2,2,26,26,2,2,N/A,2,2,2,26,26,2,2,N/A,1,2,N/A,1,2,N/A
Nevada,1861-01-01,12/31/1964,21,18,1,2,N/A,2,0,0,0,1,2,0,0,0,1,2,2,2,2,2,21,18,1,2,N/A,2,2,2,2,21,18,1,2,N/A,2,2,2,21,18,1,2,N/A,2,2,2,21,18,1,2,N/A,2,2,N/A,2,2,2,2,26,25,2,2,N/A,2,2,2,26,26,2,2,N/A,2,2,2,26,26,2,2,N/A,2,2,2,26,26,2,2,N/A,1,2,N/A,1,2,N/A
New Hampshire,1/1/1986,12/31/2021,18,18,1,2,N/A,2,0,0,0,1,2,0,0,0,1,2,2,2,2,2,18,18,0,1,N/A,1,2,2,2,14,14,0,1,N/A,1,2,2,14,14,1,2,N/A,2,2,2,18,18,1,2,N/A,0,1,N/A,1,2,2,2,14,14,0,1,N/A,1,2,2,14,14,1,2,N/A,2,2,2,18,18,1,2,N/A,2,2,2,18,18,1,2,N/A,1,2,N/A,1,2,N/A
New Hampshire,6/3/1973,12/31/1985,18,18,1,2,N/A,2,0,0,0,1,2,0,0,0,1,2,2,2,2,2,18,18,1,2,N/A,2,2,2,2,18,18,1,2,N/A,2,2,2,18,18,1,2,N/A,2,2,2,18,18,1,2,N/A,1,2,N/A,2,2,2,0,18,18,1,2,N/A,2,2,2,18,18,1,2,N/A,2,2,2,18,18,2,2,N/A,2,2,2,26,26,2,2,N/A,1,2,N/A,1,2,N/A
New Jersey,1/1/2006,12/31/2021,18,18,1,2,N/A,2,0,0,0,1,2,0,0,0,1,2,2,2,2,2,18,18,0,0,Minor believes they have a STI or health care professional believes the minor was sexually assaulted,0,1,0,0,0,0,0,0,Minor believes they have a STI or health care professional believes the minor was sexually assaulted,0,1,0,0,0,0,0,Minor believes they have a STI or health care professional believes the minor was sexually assaulted,0,1,0,0,0,1,2,N/A,0,0,Minor is 13 years of age or older and believes they have HIV,0,1,0,0,13,13,0,0,Minor is 13 years of age or older and believes they have HIV,0,1,0,13,13,0,0,Minor is 13 years of age or older and believes they have HIV,0,1,0,13,13,0,0,Minor is 13 years of age or older and believes they have HIV,0,1,0,13,13,0,0,Minor is 13 years of age or older and believes they have HIV,1,2,N/A,1,2,N/A
New Jersey,1/1/1973,12/31/2005,18,18,1,2,N/A,2,0,0,0,1,2,0,0,0,1,2,2,2,2,2,18,18,0,0,Minor believes they have a STI or health care professional believes the minor was sexually assaulted,0,1,0,0,0,0,0,0,Minor believes they have a STI or health care professional believes the minor was sexually assaulted,0,1,0,0,0,0,0,Minor believes they have a STI or health care professional believes the minor was sexually assaulted,0,1,0,0,0,1,2,N/A,0,0,Minor believes they have a STI or health care professional believes the minor was sexually assaulted,0,1,0,0,0,0,0,0,Minor believes they have a STI or health care professional believes the minor was sexually assaulted,0,1,0,0,0,0,0,Minor believes they have a STI or health care professional believes the minor was sexually assaulted,0,1,0,0,0,2,2,N/A,2,2,2,26,26,0,0,Minor believes they have a STI or health care professional believes the minor was sexually assaulted,1,2,N/A,1,2,N/A
New Jersey,7/31/1968,12/31/1972,21,21,1,2,N/A,2,0,0,0,1,2,0,0,0,1,2,2,2,2,2,21,21,0,0,Minor believes they have a STI or health care professional believes the minor was sexually assaulted,0,1,0,0,0,0,0,0,Minor believes they have a STI or health care professional believes the minor was sexually assaulted,0,1,0,0,0,0,0,Minor believes they have a STI or health care professional believes the minor was sexually assaulted,0,1,0,0,0,1,2,N/A,2,2,N/A,2,2,2,2,26,25,2,2,N/A,2,2,2,26,26,2,2,N/A,2,2,2,26,26,2,2,N/A,2,2,2,26,26,2,2,N/A,1,2,N/A,1,2,N/A
New Mexico,7/1/1996,12/31/2021,18,18,1,2,N/A,2,0,0,0,1,2,0,0,0,1,2,2,2,2,2,18,18,0,1,N/A,1,2,2,2,0,0,0,1,N/A,1,2,2,0,0,1,2,N/A,2,2,2,18,18,1,2,N/A,0,1,N/A,1,2,2,2,0,0,0,1,N/A,1,2,2,0,0,1,2,N/A,2,2,2,18,18,1,2,N/A,2,2,2,18,18,1,2,N/A,1,2,N/A,1,2,N/A
New Mexico,1/1/1989,6/30/1996,18,18,1,2,N/A,2,0,0,0,1,2,0,0,0,1,2,2,2,2,2,18,18,0,1,N/A,1,2,2,2,0,0,0,1,N/A,1,2,2,0,0,1,2,N/A,2,2,2,18,18,1,2,N/A,0,1,N/A,1,2,2,2,0,0,0,1,N/A,1,2,2,0,0,1,2,N/A,2,2,2,18,18,2,2,N/A,2,2,2,26,26,2,2,N/A,1,2,N/A,1,2,N/A
New Mexico,1/1/1973,12/31/1988,18,18,1,2,N/A,2,0,0,0,1,2,0,0,0,1,2,2,2,2,2,18,18,0,1,N/A,1,2,2,2,0,0,0,1,N/A,1,2,2,0,0,1,2,N/A,2,2,2,18,18,1,2,N/A,0,1,N/A,1,2,2,2,0,0,0,1,N/A,1,2,2,0,0,1,2,N/A,2,2,2,18,18,2,2,N/A,2,2,2,26,26,2,2,N/A,1,2,N/A,1,2,N/A
New Mexico,6/18/1971,12/31/1972,18,18,1,2,N/A,2,0,0,0,1,2,0,0,0,1,2,2,2,2,2,18,18,1,2,N/A,2,2,2,2,18,18,1,2,N/A,2,2,2,18,18,1,2,N/A,2,2,2,18,18,1,2,N/A,2,2,N/A,2,2,2,2,26,25,2,2,N/A,2,2,2,26,26,2,2,N/A,2,2,2,26,26,2,2,N/A,2,2,2,26,26,2,2,N/A,1,2,N/A,1,2,N/A
New York,4/12/2017,12/31/2021,18,18,1,2,N/A,2,0,0,0,1,2,0,0,0,1,2,2,2,2,2,18,18,0,1,N/A,0,1,1,1,0,0,0,1,N/A,0,1,1,0,0,0,1,N/A,0,1,1,0,0,0,0,Chlamydia trachomatis infection; Gonorrhea; Syphilis; Non-gonococcal urethritis; Non-gonococcal (mucopurulent) cervicitis; Trichomoniasis; Lymphogranuloma venereum; Chancroid; Granuloma Inguinale; Human papilloma virus; Genital herpes simplex; Pelvic inflammatory disease; Yeast (Candida) vaginitis; Bacterial vaginosis; Pediculosis pubis; Scabies; Ano-genital warts,0,1,N/A,0,1,1,1,0,0,0,1,N/A,0,1,1,0,0,0,1,N/A,0,1,1,0,0,0,1,N/A,0,1,1,0,0,0,1,N/A,0,1,N/A,0,1,N/A
New York,1/1/2017,4/11/2017,18,18,1,2,N/A,2,0,0,0,1,2,0,0,0,1,2,2,2,2,2,18,18,0,1,N/A,0,1,1,1,0,0,0,1,N/A,0,1,1,0,0,0,1,N/A,0,1,1,0,0,0,1,Chlamydia trachomatis infection; Gonorrhea; Syphilis; Non-gonococcal urethritis; Non-gonococcal (mucopurulent) cervicitis; Trichomoniasis; Lymphogranuloma venereum; Chancroid; Granuloma Inguinale; Human papilloma virus; Genital herpes simplex; Pelvic inflammatory disease; Yeast (Candida) vaginitis; Bacterial vaginosis; Pediculosis pubis; Scabies; Ano-genital warts,0,1,N/A,0,1,1,1,0,0,0,1,N/A,0,1,1,0,0,0,1,N/A,0,1,1,0,0,2,2,N/A,2,2,2,18,18,0,1,N/A,0,1,N/A,0,1,N/A
New York,5/18/2016,12/31/2016,18,18,1,2,N/A,2,0,0,0,1,2,0,0,0,1,2,2,2,2,2,18,18,0,1,N/A,0,1,1,1,0,0,0,1,N/A,0,1,1,0,0,1,2,N/A,2,2,2,18,18,0,1,Chlamydia trachomatis infection; Gonorrhea; Syphilis; Non-gonococcal urethritis; Non-gonococcal (mucopurulent) cervicitis; Trichomoniasis; Lymphogranuloma venereum; Chancroid; Granuloma Inguinale; Human papilloma virus; Genital herpes simplex; Pelvic inflammatory disease; Yeast (Candida) vaginitis; Bacterial vaginosis; Pediculosis pubis; Scabies; Ano-genital warts,0,1,N/A,0,1,1,1,0,0,0,1,N/A,0,1,1,0,0,1,2,N/A,2,2,2,18,18,2,2,N/A,2,2,2,18,18,1,2,N/A,0,1,N/A,0,1,N/A
New York,3/9/2016,5/17/2016,18,18,1,2,N/A,2,0,0,0,1,2,0,0,0,1,2,2,2,2,2,18,18,0,1,N/A,0,1,1,1,0,0,0,1,N/A,0,1,1,0,0,1,2,N/A,2,2,2,18,18,0,1,Chlamydia trachomatis infection; Gonorrhea; Syphilis; Non-gonococcal urethritis; Non-gonococcal (mucopurulent) cervicitis; Trichomoniasis; Lymphogranuloma venereum; Chancroid; Granuloma Inguinale; Human papilloma virus; Genital herpes simplex; Pelvic inflammatory disease; Yeast (Candida) vaginitis; Bacterial vaginosis; Pediculosis pubis; Scabies; Ano-genital warts,0,1,N/A,0,1,1,1,0,0,0,1,N/A,0,1,1,0,0,1,2,N/A,2,2,2,18,18,2,2,N/A,2,2,2,18,18,1,2,N/A,1,2,N/A,1,2,N/A
New York,2/1/1989,3/8/2016,18,18,1,2,N/A,2,0,0,0,1,2,0,0,0,1,2,2,2,2,2,18,18,0,1,N/A,1,2,2,2,0,0,0,1,N/A,1,2,2,0,0,1,2,N/A,2,2,2,18,18,0,1,Chlamydia trachomatis infection; Gonorrhea; Syphilis; Non-gonococcal urethritis; Non-gonococcal (mucopurulent) cervicitis; Trichomoniasis; Lymphogranuloma venereum; Chancroid; Granuloma Inguinale; Human papilloma virus; Genital herpes simplex; Pelvic inflammatory disease; Yeast (Candida) vaginitis; Bacterial vaginosis; Pediculosis pubis; Scabies; Ano-genital warts,0,1,N/A,0,1,1,1,0,0,0,1,N/A,1,2,2,0,0,1,2,N/A,2,2,2,18,18,2,2,N/A,2,2,2,18,18,1,2,N/A,1,2,N/A,1,2,N/A
New York,4/25/1983,1/31/1989,18,18,1,2,N/A,2,0,0,0,1,2,0,0,0,1,2,2,2,2,2,18,18,0,1,N/A,1,2,2,2,0,0,0,1,N/A,1,2,2,0,0,1,2,N/A,2,2,2,18,18,0,1,Chlamydia trachomatis infection; Gonorrhea; Syphilis; Non-gonococcal urethritis; Non-gonococcal (mucopurulent) cervicitis; Trichomoniasis; Lymphogranuloma venereum; Chancroid; Granuloma Inguinale; Human papilloma virus; Genital herpes simplex; Pelvic inflammatory disease; Yeast (Candida) vaginitis; Bacterial vaginosis; Pediculosis pubis; Scabies; Ano-genital warts,0,1,N/A,1,2,2,2,0,0,0,1,N/A,1,2,2,0,0,1,2,N/A,2,2,2,18,18,2,2,N/A,2,2,2,26,26,2,2,N/A,1,2,N/A,2,2,N/A
New York,1/1/1980,4/24/1983,18,18,1,2,N/A,2,0,0,0,1,2,0,0,0,1,2,2,2,2,2,18,18,0,1,N/A,1,2,2,2,0,0,0,1,N/A,1,2,2,0,0,1,2,N/A,2,2,2,18,18,0,1,Gonorrhea; Syphilis; other conditions principally transmitted by sexual contact,0,1,N/A,1,2,2,2,0,0,0,1,N/A,1,2,2,0,0,1,2,N/A,2,2,2,18,18,2,2,N/A,2,2,2,26,26,2,2,N/A,1,2,N/A,1,2,N/A
New York,9/1/1974,12/31/1979,18,18,1,2,N/A,2,0,0,0,1,2,0,0,0,1,2,2,2,2,2,18,18,0,1,N/A,1,2,2,2,0,0,0,1,N/A,1,2,2,0,0,1,2,N/A,2,2,2,18,18,1,2,N/A,2,2,N/A,2,2,2,2,26,25,2,2,N/A,2,2,2,26,26,2,2,N/A,2,2,2,26,26,2,2,N/A,2,2,2,26,26,2,2,N/A,1,2,N/A,1,2,N/A
New York,1/1/1953,8/31/1974,18,18,1,2,N/A,2,0,0,0,1,2,0,0,0,1,2,2,2,2,2,18,18,0,1,N/A,1,2,2,2,0,0,0,1,N/A,1,2,2,0,0,1,2,N/A,2,2,2,18,18,1,2,N/A,2,2,N/A,2,2,2,2,26,25,2,2,N/A,2,2,2,26,26,2,2,N/A,2,2,2,26,26,2,2,N/A,2,2,2,26,26,2,2,N/A,1,2,N/A,1,2,N/A
North Carolina,2/1/1990,12/31/2021,18,18,0,0,"Delay needed to get consent (or court order over refusal) would seriously worsen child's physical condition or endanger life; if parents refused consent, provider must consult another physician before proceeding",0,1,1,1,0,0,1,1,1,0,0,0,1,2,2,0,0,0,1,N/A,0,1,0,0,0,0,0,1,N/A,0,1,0,0,0,0,1,N/A,0,1,0,0,0,0,0,"Chlamydia; Gonorrhea; Syphilis; Chancroid; Granuloma inguinale; Hepatitis A, B, C; Lymphogranuloma venereum; Nongonoccal urethritis; PID",0,1,N/A,0,1,0,0,0,0,0,1,N/A,0,1,0,0,0,0,1,N/A,0,1,0,0,0,0,1,N/A,0,1,0,0,0,0,1,N/A,1,2,N/A,1,2,N/A
North Carolina,10/1/1989,1/31/1990,18,18,0,0,"Delay needed to get consent (or court order over refusal) would seriously worsen child's physical condition or endanger life; if parents refused consent, provider must consult another physician before proceeding",0,1,1,1,0,0,1,1,1,0,0,0,1,2,2,0,0,0,1,N/A,0,1,0,0,0,0,0,1,N/A,0,1,0,0,0,0,1,N/A,0,1,0,0,0,0,0,"Chlamydia; Gonorrhea; Syphilis; Chancroid; Granuloma inguinale; Hepatitis A, B, C; Lymphogranuloma venereum; Nongonoccal urethritis; PID",0,1,N/A,0,1,0,0,0,0,0,1,N/A,0,1,0,0,0,0,1,N/A,0,1,0,0,0,2,2,N/A,2,2,2,26,26,2,2,N/A,1,2,N/A,1,2,N/A
North Carolina,1/1/1983,9/30/1989,18,18,0,0,"Delay needed to get consent (or court order over refusal) would seriously worsen child's physical condition or endanger life; if parents refused consent, provider must consult another physician before proceeding",0,1,1,1,0,0,1,1,1,0,0,0,1,2,2,0,0,0,1,N/A,0,1,0,0,0,0,0,1,N/A,0,1,0,0,0,0,1,N/A,0,1,0,0,0,0,0,"Chlamydia; Gonorrhea; Syphilis; Chancroid; Granuloma inguinale; Hepatitis A, B, C; Lymphogranuloma venereum; Nongonoccal urethritis; PID",0,1,N/A,0,1,0,0,0,0,0,1,N/A,0,1,0,0,0,0,1,N/A,0,1,0,0,0,2,2,N/A,2,2,2,26,26,2,2,N/A,1,2,N/A,1,2,N/A
North Carolina,7/1/1977,12/31/1982,18,18,0,0,"Delay needed to get consent (or court order over refusal) would seriously worsen child's physical condition or endanger life; if parents refused consent, provider must consult another physician before proceeding",0,1,1,1,0,0,1,1,1,0,0,0,1,2,2,0,0,0,1,N/A,0,1,0,0,0,0,0,1,N/A,0,1,0,0,0,0,1,N/A,0,1,0,0,0,1,2,N/A,0,1,N/A,0,1,0,0,0,0,0,1,N/A,0,1,0,0,0,0,1,N/A,0,1,0,0,0,2,2,N/A,2,2,2,26,26,2,2,N/A,1,2,N/A,1,2,N/A
North Carolina,7/5/1971,6/30/1977,18,18,0,0,"Delay needed to get consent (or court order over refusal) would seriously worsen child's physical condition or endanger life; if parents refused consent, provider must consult another physician before proceeding",0,1,1,1,0,2,0,0,0,1,0,0,1,2,2,0,0,0,1,N/A,1,2,2,2,0,0,0,1,N/A,1,2,2,0,0,0,1,N/A,1,2,2,0,0,1,2,N/A,2,2,N/A,2,2,2,2,26,25,2,2,N/A,2,2,2,26,26,2,2,N/A,2,2,2,26,26,2,2,N/A,2,2,2,26,26,2,2,N/A,1,2,N/A,1,2,N/A
North Carolina,3/2/1971,7/4/1971,21,21,0,0,"Delay needed to get consent (or court order over refusal) would seriously worsen child's physical condition or endanger life; if parents refused consent, provider must consult another physician before proceeding",0,1,1,1,0,2,0,0,0,1,0,0,1,2,2,0,0,0,1,N/A,1,2,2,2,0,0,0,1,N/A,1,2,2,0,0,0,1,N/A,1,2,2,0,0,1,2,N/A,2,2,N/A,2,2,2,2,26,25,2,2,N/A,2,2,2,26,26,2,2,N/A,2,2,2,26,26,2,2,N/A,2,2,2,26,26,2,2,N/A,1,2,N/A,1,2,N/A
North Carolina,1/1/1965,3/1/1971,21,21,0,0,"Delay needed to get consent (or court order over refusal) would seriously worsen child's physical condition or endanger life; if parents refused consent, provider must consult another physician before proceeding",0,1,1,1,0,2,0,0,0,1,0,0,1,2,2,0,0,0,0,"Delay needed to get consent (or court order over refusal) would seriously worsen child's physical condition or endanger life; if parents refused consent, provider must consult another physician before proceeding",1,2,2,2,0,0,0,0,"Delay needed to get consent (or court order over refusal) would seriously worsen child's physical condition or endanger life; if parents refused consent, provider must consult another physician before proceeding",1,2,2,0,0,0,0,"Delay needed to get consent (or court order over refusal) would seriously worsen child's physical condition or endanger life; if parents refused consent, provider must consult another physician before proceeding",1,2,2,0,0,1,2,N/A,2,2,N/A,2,2,2,2,26,25,2,2,N/A,2,2,2,26,26,2,2,N/A,2,2,2,26,26,2,2,N/A,2,2,2,26,26,2,2,N/A,1,2,N/A,1,2,N/A
North Dakota,1/1/1990,12/31/2021,18,18,1,2,N/A,2,0,0,0,1,2,0,0,0,1,2,2,2,2,2,18,18,0,1,N/A,1,2,2,2,14,14,0,1,N/A,1,2,2,14,14,0,1,N/A,1,2,2,14,14,1,2,N/A,0,1,N/A,1,2,2,2,14,14,0,1,N/A,1,2,2,14,14,0,1,N/A,1,2,2,14,14,0,1,N/A,1,2,2,14,14,0,1,N/A,1,2,N/A,1,2,N/A
North Dakota,8/1/1971,12/31/1989,18,18,1,2,N/A,2,0,0,0,1,2,0,0,0,1,2,2,2,2,2,18,18,0,1,N/A,1,2,2,2,14,14,0,1,N/A,1,2,2,14,14,0,1,N/A,1,2,2,14,14,1,2,N/A,0,1,N/A,1,2,2,2,14,14,0,1,N/A,1,2,2,14,14,0,1,N/A,1,2,2,14,14,2,2,N/A,2,2,2,26,26,2,2,N/A,1,2,N/A,1,2,N/A
North Dakota,7/1/1971,7/31/1971,18,18,1,2,N/A,2,0,0,0,1,2,0,0,0,1,2,2,2,2,2,18,18,1,2,N/A,2,2,2,2,18,18,1,2,N/A,2,2,2,18,18,1,2,N/A,2,2,2,18,18,1,2,N/A,2,2,N/A,2,2,2,2,26,25,2,2,N/A,2,2,2,26,26,2,2,N/A,2,2,2,26,26,2,2,N/A,2,2,2,26,26,2,2,N/A,1,2,N/A,1,2,N/A
Ohio,9/10/2012,12/31/2021,18,18,1,2,N/A,2,0,0,0,1,2,0,0,0,1,2,2,2,2,2,18,18,0,1,N/A,1,2,2,2,0,0,0,1,N/A,1,2,2,0,0,1,2,N/A,2,2,2,18,18,1,2,N/A,0,1,N/A,1,2,2,2,0,0,0,1,N/A,1,2,2,0,0,1,2,N/A,2,2,2,18,18,1,2,N/A,2,2,2,18,18,1,2,N/A,1,2,N/A,1,2,N/A
Ohio,11/1/1989,9/9/2012,18,18,1,2,N/A,2,0,0,0,1,2,0,0,0,1,2,2,2,2,2,18,18,0,1,N/A,1,2,2,2,0,0,0,1,N/A,1,2,2,0,0,1,2,N/A,2,2,2,18,18,1,2,N/A,0,1,N/A,1,2,2,2,0,0,0,1,N/A,1,2,2,0,0,1,2,N/A,2,2,2,18,18,1,2,N/A,2,2,2,18,18,1,2,N/A,1,2,N/A,1,2,N/A
Ohio,3/13/1980,10/31/1989,18,18,1,2,N/A,2,0,0,0,1,2,0,0,0,1,2,2,2,2,2,18,18,0,1,N/A,1,2,2,2,0,0,0,1,N/A,1,2,2,0,0,1,2,N/A,2,2,2,18,18,1,2,N/A,0,1,N/A,1,2,2,2,0,0,0,1,N/A,1,2,2,0,0,1,2,N/A,2,2,2,18,18,2,2,N/A,2,2,2,26,26,1,2,N/A,1,2,N/A,1,2,N/A
Ohio,1/1/1974,3/12/1980,18,18,1,2,N/A,2,0,0,0,1,2,0,0,0,1,2,2,2,2,2,18,18,0,1,N/A,1,2,2,2,0,0,0,1,N/A,1,2,2,0,0,1,2,N/A,2,2,2,18,18,1,2,N/A,2,2,N/A,2,2,2,2,26,25,2,2,N/A,2,2,2,26,26,2,2,N/A,2,2,2,26,26,2,2,N/A,2,2,2,26,26,2,2,N/A,1,2,N/A,1,2,N/A
Ohio,7/13/1971,12/31/1973,21,21,1,2,N/A,2,0,0,0,1,2,0,0,0,1,2,2,2,2,2,21,21,0,1,N/A,1,2,2,2,0,0,0,1,N/A,1,2,2,0,0,1,2,N/A,2,2,2,21,21,1,2,N/A,2,2,N/A,2,2,2,2,26,25,2,2,N/A,2,2,2,26,26,2,2,N/A,2,2,2,26,26,2,2,N/A,2,2,2,26,26,2,2,N/A,1,2,N/A,1,2,N/A
Oklahoma,11/1/2011,12/31/2021,18,18,1,2,N/A,2,0,0,0,1,2,0,0,0,1,2,2,2,2,2,18,18,0,1,N/A,0,0,0,0,0,0,0,1,N/A,0,0,0,0,0,0,1,N/A,0,0,0,0,0,0,0,Syphilis; Gonorrhea; Chlamydia; Chancroid; Granuloma inguinale; Lymphogranuloma venereum,0,1,N/A,0,0,0,0,0,0,0,1,N/A,0,0,0,0,0,0,1,N/A,0,0,0,0,0,0,1,N/A,0,0,0,0,0,0,1,N/A,1,2,N/A,1,2,N/A
Oklahoma,5/29/1975,10/31/2011,18,18,1,2,N/A,2,0,0,0,1,2,0,0,0,1,2,2,2,2,2,18,18,0,1,N/A,0,0,0,0,0,0,0,1,N/A,0,0,0,0,0,0,1,N/A,0,0,0,0,0,0,1,Syphilis; Gonorrhea; Chancroid; Granuloma inguinale; Lymphogranuloma venereum,0,1,N/A,0,0,0,0,0,0,0,1,N/A,0,0,0,0,0,0,1,N/A,0,0,0,0,0,2,2,N/A,2,2,2,26,26,0,1,N/A,1,2,N/A,1,2,N/A
Oklahoma,8/1/1972,5/28/1975,18,18,1,2,N/A,2,0,0,0,1,2,0,0,0,1,2,2,2,2,2,18,18,0,1,N/A,1,2,2,2,0,0,0,1,N/A,1,2,2,0,0,1,2,N/A,2,2,2,18,18,0,2,Syphilis; Gonorrhea; Chancroid; Granuloma inguinale; Lymphogranuloma venereum,2,2,N/A,2,2,2,2,26,25,2,2,N/A,2,2,2,26,26,2,2,N/A,2,2,2,26,26,2,2,N/A,2,2,2,26,26,2,2,N/A,1,2,N/A,1,2,N/A
Oklahoma,3/16/1971,7/31/1972,21,18,1,2,N/A,2,0,0,0,1,2,0,0,0,1,2,2,2,2,2,21,18,0,1,N/A,1,2,2,2,0,0,0,1,N/A,1,2,2,0,0,1,2,N/A,2,2,2,21,18,0,2,Syphilis; Gonorrhea; Chancroid; Granuloma inguinale; Lymphogranuloma venereum,2,2,N/A,2,2,2,2,26,25,2,2,N/A,2,2,2,26,26,2,2,N/A,2,2,2,26,26,2,2,N/A,2,2,2,26,26,2,2,N/A,1,2,N/A,1,2,N/A
Oklahoma,7/1/1963,3/15/1971,21,18,1,2,N/A,2,0,0,0,1,2,0,0,0,1,2,2,2,2,2,21,18,1,2,N/A,2,2,2,2,21,18,1,2,N/A,2,2,2,21,18,1,2,N/A,2,2,2,21,18,0,2,Syphilis; Gonorrhea; Chancroid; Granuloma inguinale; Lymphogranuloma venereum,2,2,N/A,2,2,2,2,26,25,2,2,N/A,2,2,2,26,26,2,2,N/A,2,2,2,26,26,2,2,N/A,2,2,2,26,26,2,2,N/A,1,2,N/A,1,2,N/A
Oklahoma,1/1/1921,6/30/1963,21,18,1,2,N/A,2,0,0,0,1,2,0,0,0,1,2,2,2,2,2,21,18,1,2,N/A,2,2,2,2,21,18,1,2,N/A,2,2,2,21,18,1,2,N/A,2,2,2,21,18,1,2,N/A,2,2,N/A,2,2,2,2,26,25,2,2,N/A,2,2,2,26,26,2,2,N/A,2,2,2,26,26,2,2,N/A,2,2,2,26,26,2,2,N/A,1,2,N/A,1,2,N/A
Oregon,1/1/1981,12/31/2021,18,18,0,1,N/A,0,1,1,1,0,0,1,1,1,0,0,0,0,1,0,15,15,0,0,STI is classified as a reportable disease,1,2,0,0,0,0,0,0,STI is classified as a reportable disease,1,2,0,0,0,0,1,N/A,0,1,0,15,15,0,0,"Chlamydia psittaci (psittacosis); Chlamydia trachomatis (chlamydiosis; lymphogranuloma venereum); Cryptococcus (cryptococcosis), Cryptosporidium (cryptosporidiosis); Cyclospora cayetanensis (cyclosporosis); Grimontia; Haemophilus ducreyi (chancroid); Hantavirus; Hepatitis A; Hepatitis B; Hepatitis C; Hepatitis D; Hepatitis E; Legionella (legionellosis); Leptospira (leptospirosis); Listeria monocytogenes (listeriosis); mumps; Neisseria gonorrhoeae (gonococcal infections); Shigella (shigellosis); Taenia solium (including cysticercosis and undifferentiated Taenia infections); Treponema pallidum (syphilis); Trichinella (trichinosis); Vibrio (other than Vibrio cholerae O1, O139, or toxigenic; vibriosis); Yersinia (other than pestis; yersiniosis)",0,0,STI is classified as a reportable disease,1,2,0,0,0,0,0,0,STI is classified as a reportable disease,1,2,0,0,0,0,1,N/A,0,1,0,15,15,0,1,N/A,0,1,0,15,15,0,1,N/A,1,2,N/A,1,2,N/A
Oregon,10/5/1973,12/31/1980,18,18,0,1,N/A,0,1,1,1,0,2,0,0,0,1,0,0,0,1,0,15,15,0,0,STI is classified as a reportable disease,1,2,0,0,0,0,0,0,STI is classified as a reportable disease,1,2,0,0,0,0,1,N/A,0,1,0,15,15,1,2,N/A,2,2,N/A,2,2,2,2,26,25,2,2,N/A,2,2,2,26,26,2,2,N/A,2,2,2,26,26,2,2,N/A,2,2,2,26,26,2,2,N/A,1,2,N/A,1,2,N/A
Oregon,1/1/1971,10/4/1973,21,21,0,1,N/A,0,1,1,1,0,2,0,0,0,1,0,0,0,1,0,15,15,0,0,STI is classified as a reportable disease,1,2,0,0,0,0,0,0,STI is classified as a reportable disease,1,2,0,0,0,0,1,N/A,0,1,0,15,15,1,2,N/A,2,2,N/A,2,2,2,2,26,25,2,2,N/A,2,2,2,26,26,2,2,N/A,2,2,2,26,26,2,2,N/A,2,2,2,26,26,2,2,N/A,1,2,N/A,1,2,N/A
Oregon,1/1/1969,12/31/1970,21,21,1,2,N/A,2,0,0,0,1,2,0,0,0,1,2,2,2,2,2,21,21,0,0,STI is classified as a reportable disease,1,2,0,0,0,0,0,0,STI is classified as a reportable disease,1,2,0,0,0,1,2,N/A,2,2,2,21,21,1,2,N/A,2,2,N/A,2,2,2,2,26,25,2,2,N/A,2,2,2,26,26,2,2,N/A,2,2,2,26,26,2,2,N/A,2,2,2,26,26,2,2,N/A,1,2,N/A,1,2,N/A
Oregon,6/12/1935,12/31/1968,21,21,1,2,N/A,2,0,0,0,1,2,0,0,0,1,2,2,2,2,2,21,21,1,2,N/A,2,2,2,2,21,21,1,2,N/A,2,2,2,21,21,1,2,N/A,2,2,2,21,21,1,2,N/A,2,2,N/A,2,2,2,2,26,25,2,2,N/A,2,2,2,26,26,2,2,N/A,2,2,2,26,26,2,2,N/A,2,2,2,26,26,2,2,N/A,1,2,N/A,1,2,N/A
Pennsylvania,1/26/2002,12/31/2021,21,21,0,0,"Minor is 18 years of age or older or, in the physician's judgment, an attempt to secure consent would result in delay of treatment which would increase the risk to the minor's life or health",0,1,1,1,0,0,1,1,1,0,0,0,1,2,2,0,0,0,1,N/A,1,2,2,2,0,0,0,1,N/A,1,2,2,0,0,0,0,"Minor is 18 years of age or older or, in the physician's judgment, an attempt to secure consent would result in delay of treatment which would increase the risk to the minor's life or health",1,2,2,0,0,0,1,Chlamydia; Syphilis; Chancroid; Gonococcal infections; Granuloma inguinale; Lymphogranuloma venereum,0,1,N/A,1,2,2,2,0,0,0,1,N/A,1,2,2,0,0,0,0,"Minor is 18 years of age or older or, in the physician's judgment, an attempt to secure consent would result in delay of treatment which would increase the risk to the minor's life or health",1,2,2,0,0,0,0,"Minor is 18 years of age or older or, in the physician's judgment, an attempt to secure consent would result in delay of treatment which would increase the risk to the minor's life or health",1,2,2,0,0,0,0,"Minor is 18 years of age or older or, in the physician's judgment, an attempt to secure consent would result in delay of treatment which would increase the risk to the minor's life or health",1,2,N/A,1,2,N/A
Pennsylvania,12/6/1972,1/25/2002,21,21,0,0,"Minor is 18 years of age or older or, in the physician's judgment, an attempt to secure consent would result in delay of treatment which would increase the risk to the minor's life or health",0,1,1,1,0,0,1,1,1,0,0,0,1,2,2,0,0,0,1,N/A,1,2,2,2,0,0,0,1,N/A,1,2,2,0,0,0,0,"Minor is 18 years of age or older or, in the physician's judgment, an attempt to secure consent would result in delay of treatment which would increase the risk to the minor's life or health",1,2,2,0,0,1,2,N/A,0,1,N/A,1,2,2,2,0,0,0,1,N/A,1,2,2,0,0,0,0,"Minor is 18 years of age or older or, in the physician's judgment, an attempt to secure consent would result in delay of treatment which would increase the risk to the minor's life or health",1,2,2,0,0,2,2,N/A,2,2,2,26,26,2,2,N/A,1,2,N/A,1,2,N/A
Pennsylvania,12/1/1971,12/5/1972,21,21,0,0,"Minor is 18 years of age or older or, in the physician's judgment, an attempt to secure consent would result in delay of treatment which would increase the risk to the minor's life or health",0,1,1,1,0,2,0,0,0,1,0,0,1,2,2,0,0,0,1,N/A,1,2,2,2,0,0,0,1,N/A,1,2,2,0,0,0,0,"Minor is 18 years of age or older or, in the physician's judgment, an attempt to secure consent would result in delay of treatment which would increase the risk to the minor's life or health",1,2,2,0,0,1,2,N/A,2,2,N/A,2,2,2,2,26,25,2,2,N/A,2,2,2,26,26,2,2,N/A,2,2,2,26,26,2,2,N/A,2,2,2,26,26,2,2,N/A,1,2,N/A,1,2,N/A
Pennsylvania,2/13/1970,11/30/1971,21,21,0,0,"Minor is 18 years of age or older or, in the physician's judgment, an attempt to secure consent would result in delay of treatment which would increase the risk to the minor's life or health",0,1,1,1,0,2,0,0,0,1,0,0,1,2,2,0,0,0,1,N/A,1,2,2,2,0,0,0,1,N/A,1,2,2,0,0,0,0,"Minor is 18 years of age or older or, in the physician's judgment, an attempt to secure consent would result in delay of treatment which would increase the risk to the minor's life or health",1,2,2,0,0,1,2,N/A,2,2,N/A,2,2,2,2,26,25,2,2,N/A,2,2,2,26,26,2,2,N/A,2,2,2,26,26,2,2,N/A,2,2,2,26,26,2,2,N/A,1,2,N/A,1,2,N/A
Rhode Island,7/1/2009,12/31/2021,18,18,0,1,N/A,0,1,1,1,0,0,1,1,1,0,0,0,1,2,2,16,16,0,1,N/A,1,2,2,2,0,0,0,1,N/A,1,2,2,0,0,0,1,N/A,1,2,2,16,16,0,1,"Syphilis, Gonorrhea, Chancroid, Granuloma inguinale, Lymphogranuloma venereum",0,1,N/A,1,2,2,2,0,0,0,1,N/A,1,2,2,0,0,0,1,N/A,1,2,2,16,16,0,1,N/A,1,2,2,16,16,0,1,N/A,1,2,N/A,1,2,N/A
Rhode Island,1/1/1990,6/30/2009,18,18,0,1,N/A,0,1,1,1,0,0,1,1,1,0,0,0,1,2,2,16,16,0,1,N/A,1,2,2,2,0,0,0,1,N/A,1,2,2,0,0,0,1,N/A,1,2,2,16,16,0,1,"Syphilis, Gonorrhea, Chancroid, Granuloma inguinale, Lymphogranuloma venereum",0,1,N/A,1,2,2,2,0,0,0,1,N/A,1,2,2,0,0,0,1,N/A,1,2,2,16,16,2,2,N/A,2,2,2,26,26,0,1,N/A,1,2,N/A,1,2,N/A
Rhode Island,1/1/1980,12/31/1989,18,18,0,1,N/A,0,1,1,1,0,0,1,1,1,0,0,0,1,2,2,16,16,0,1,N/A,1,2,2,2,0,0,0,1,N/A,1,2,2,0,0,0,1,N/A,1,2,2,16,16,0,1,"Syphilis, Gonorrhea, Chancroid, Granuloma inguinale, Lymphogranuloma venereum",0,1,N/A,1,2,2,2,0,0,0,1,N/A,1,2,2,0,0,0,1,N/A,1,2,2,16,16,2,2,N/A,2,2,2,26,26,2,2,N/A,1,2,N/A,1,2,N/A
Rhode Island,3/29/1972,12/31/1979,18,18,0,1,N/A,0,1,1,1,0,2,0,0,0,1,0,0,1,2,2,16,16,0,1,N/A,1,2,2,2,0,0,0,1,N/A,1,2,2,0,0,0,1,N/A,1,2,2,16,16,0,2,"Syphilis, Gonorrhea, Chancroid, Granuloma inguinale, Lymphogranuloma venereum",2,2,N/A,2,2,2,2,26,25,2,2,N/A,2,2,2,26,26,2,2,N/A,2,2,2,26,26,2,2,N/A,2,2,2,26,26,2,2,N/A,1,2,N/A,1,2,N/A
Rhode Island,4/25/1967,3/28/1972,21,21,0,1,N/A,0,1,1,1,0,2,0,0,0,1,0,0,1,2,2,16,16,0,1,N/A,1,2,2,2,0,0,0,1,N/A,1,2,2,0,0,0,1,N/A,1,2,2,16,16,0,2,"Syphilis, Gonorrhea, Chancroid, Granuloma inguinale, Lymphogranuloma venereum",2,2,N/A,2,2,2,2,26,25,2,2,N/A,2,2,2,26,26,2,2,N/A,2,2,2,26,26,2,2,N/A,2,2,2,26,26,2,2,N/A,1,2,N/A,1,2,N/A
Rhode Island,1/1/1956,4/24/1967,21,21,0,1,N/A,0,1,1,1,0,2,0,0,0,1,0,0,1,2,2,16,16,0,1,N/A,1,2,2,2,0,0,0,1,N/A,1,2,2,0,0,0,1,N/A,1,2,2,16,16,1,2,N/A,2,2,N/A,2,2,2,2,26,25,2,2,N/A,2,2,2,26,26,2,2,N/A,2,2,2,26,26,2,2,N/A,2,2,2,26,26,2,2,N/A,1,2,N/A,1,2,N/A
Rhode Island,1/1/1923,12/31/1955,21,21,1,2,N/A,2,0,0,0,1,2,0,0,0,1,2,2,2,2,2,21,21,0,1,N/A,1,2,2,2,0,0,0,1,N/A,1,2,2,0,0,1,2,N/A,2,2,2,21,21,1,2,N/A,2,2,N/A,2,2,2,2,26,25,2,2,N/A,2,2,2,26,26,2,2,N/A,2,2,2,26,26,2,2,N/A,2,2,2,26,26,2,2,N/A,1,2,N/A,1,2,N/A
South Carolina,6/16/2008,12/31/2021,18,18,0,0,"Surgical care must be deemed “essential to the health or life of such child in the opinion of the performing physician and a consultant physician if one is available”; Non-surgical care must be deemed necessary in the clinician's judgment, unless minor is 16 years of age or older",0,1,1,1,0,0,1,1,1,0,0,0,1,2,2,0,0,0,0,"Surgical care must be deemed “essential to the health or life of such child in the opinion of the performing physician and a consultant physician if one is available”; Non-surgical care must be deemed necessary in the clinician's judgment, unless minor is 16 years of age or older",1,2,2,2,0,0,0,0,"Surgical care must be deemed “essential to the health or life of such child in the opinion of the performing physician and a consultant physician if one is available”; Non-surgical care must be deemed necessary in the clinician's judgment, unless minor is 16 years of age or older",1,2,2,0,0,0,0,"Surgical care must be deemed “essential to the health or life of such child in the opinion of the performing physician and a consultant physician if one is available”; Non-surgical care must be deemed necessary in the clinician's judgment, unless minor is 16 years of age or older",1,2,2,0,0,1,2,N/A,0,0,"Surgical care must be deemed “essential to the health or life of such child in the opinion of the performing physician and a consultant physician if one is available”; Non-surgical care must be deemed necessary in the clinician's judgment, unless minor is 16 years of age or older",1,2,2,2,0,0,0,0,"Surgical care must be deemed “essential to the health or life of such child in the opinion of the performing physician and a consultant physician if one is available”; Non-surgical care must be deemed necessary in the clinician's judgment, unless minor is 16 years of age or older",1,2,2,0,0,0,0,"Surgical care must be deemed “essential to the health or life of such child in the opinion of the performing physician and a consultant physician if one is available”; Non-surgical care must be deemed necessary in the clinician's judgment, unless minor is 16 years of age or older",1,2,2,0,0,0,0,"Surgical care must be deemed “essential to the health or life of such child in the opinion of the performing physician and a consultant physician if one is available”; Non-surgical care must be deemed necessary in the clinician's judgment, unless minor is 16 years of age or older",1,2,2,0,0,0,0,"Surgical care must be deemed “essential to the health or life of such child in the opinion of the performing physician and a consultant physician if one is available”; Non-surgical care must be deemed necessary in the clinician's judgment, unless minor is 16 years of age or older",1,2,N/A,1,2,N/A
South Carolina,5/19/1981,6/15/2008,18,18,0,0,"Surgical care must be deemed “essential to the health or life of such child in the opinion of the performing physician and a consultant physician if one is available”; Non-surgical care must be deemed necessary in the clinician's judgment, unless minor is 16 years of age or older",0,1,1,1,0,0,1,1,1,0,0,0,1,2,2,0,0,0,0,"Surgical care must be deemed “essential to the health or life of such child in the opinion of the performing physician and a consultant physician if one is available”; Non-surgical care must be deemed necessary in the clinician's judgment, unless minor is 16 years of age or older",1,2,2,2,0,0,0,0,"Surgical care must be deemed “essential to the health or life of such child in the opinion of the performing physician and a consultant physician if one is available”; Non-surgical care must be deemed necessary in the clinician's judgment, unless minor is 16 years of age or older",1,2,2,0,0,0,0,"Surgical care must be deemed “essential to the health or life of such child in the opinion of the performing physician and a consultant physician if one is available”; Non-surgical care must be deemed necessary in the clinician's judgment, unless minor is 16 years of age or older",1,2,2,0,0,1,2,N/A,0,0,"Surgical care must be deemed “essential to the health or life of such child in the opinion of the performing physician and a consultant physician if one is available”; Non-surgical care must be deemed necessary in the clinician's judgment, unless minor is 16 years of age or older",1,2,2,2,0,0,0,0,"Surgical care must be deemed “essential to the health or life of such child in the opinion of the performing physician and a consultant physician if one is available”; Non-surgical care must be deemed necessary in the clinician's judgment, unless minor is 16 years of age or older",1,2,2,0,0,0,0,"Surgical care must be deemed “essential to the health or life of such child in the opinion of the performing physician and a consultant physician if one is available”; Non-surgical care must be deemed necessary in the clinician's judgment, unless minor is 16 years of age or older",1,2,2,0,0,2,2,N/A,2,2,2,26,26,0,0,"Surgical care must be deemed “essential to the health or life of such child in the opinion of the performing physician and a consultant physician if one is available”; Non-surgical care must be deemed necessary in the clinician's judgment, unless minor is 16 years of age or older",1,2,N/A,1,2,N/A
South Carolina,7/2/1976,5/18/1981,18,18,0,0,Surgical care must be deemed “essential to the health or life of such child in the opinion of the performing physician and a consultant physician if one is available”; Non-surgical care must be deemed necessary in the clinician's judgment,0,1,1,1,0,2,0,0,0,1,0,0,1,2,2,0,0,0,0,Surgical care must be deemed “essential to the health or life of such child in the opinion of the performing physician and a consultant physician if one is available”; Non-surgical care must be deemed necessary in the clinician's judgment,1,2,2,2,0,0,0,0,Surgical care must be deemed “essential to the health or life of such child in the opinion of the performing physician and a consultant physician if one is available”; Non-surgical care must be deemed necessary in the clinician's judgment,1,2,2,0,0,0,0,Surgical care must be deemed “essential to the health or life of such child in the opinion of the performing physician and a consultant physician if one is available”; Non-surgical care must be deemed necessary in the clinician's judgment,1,2,2,0,0,1,2,N/A,2,2,N/A,2,2,2,2,26,25,2,2,N/A,2,2,2,26,26,2,2,N/A,2,2,2,26,26,2,2,N/A,2,2,2,26,26,2,2,N/A,1,2,N/A,1,2,N/A
South Carolina,1/1/1976,7/1/1976,18,18,0,0,Surgical care must be deemed “essential to the health or life of such child in the opinion of the performing physician and a consultant physician if one is available”; Non-surgical care must be deemed necessary in the clinician's judgment,0,1,1,1,0,2,0,0,0,1,0,0,1,2,2,0,0,0,0,Surgical care must be deemed “essential to the health or life of such child in the opinion of the performing physician and a consultant physician if one is available”; Non-surgical care must be deemed necessary in the clinician's judgment,1,2,2,2,0,0,0,0,Surgical care must be deemed “essential to the health or life of such child in the opinion of the performing physician and a consultant physician if one is available”; Non-surgical care must be deemed necessary in the clinician's judgment,1,2,2,0,0,0,0,Surgical care must be deemed “essential to the health or life of such child in the opinion of the performing physician and a consultant physician if one is available”; Non-surgical care must be deemed necessary in the clinician's judgment,1,2,2,0,0,1,2,N/A,2,2,N/A,2,2,2,2,26,25,2,2,N/A,2,2,2,26,26,2,2,N/A,2,2,2,26,26,2,2,N/A,2,2,2,26,26,2,2,N/A,1,2,N/A,1,2,N/A
South Dakota,1/1/1983,12/31/2021,18,18,0,0,Parent must not be immediately available and physician must perceive that delay to get consent would threaten life or health,0,1,1,1,0,0,1,1,1,0,0,0,1,2,2,0,0,0,1,N/A,1,2,2,2,0,0,0,1,N/A,0,1,0,0,0,0,1,N/A,1,2,2,0,0,0,1,"Syphilis, Gonorrhea, Chancroid",0,1,N/A,1,2,2,2,0,0,0,1,N/A,0,1,0,0,0,0,1,N/A,1,2,2,0,0,0,1,N/A,1,2,2,0,0,0,1,N/A,1,2,N/A,1,2,N/A
South Dakota,1/1/1977,12/31/1982,18,18,1,2,N/A,2,0,0,0,1,2,0,0,0,1,2,2,2,2,2,18,18,0,1,N/A,1,2,2,2,0,0,0,1,N/A,0,1,0,0,0,0,1,N/A,1,2,2,0,0,0,1,"Syphilis, Gonorrhea, Chancroid",0,1,N/A,1,2,2,2,0,0,0,1,N/A,0,1,0,0,0,0,1,N/A,1,2,2,0,0,2,2,N/A,2,2,2,26,26,2,2,N/A,1,2,N/A,1,2,N/A
South Dakota,1/1/1972,12/31/1976,18,18,1,2,N/A,2,0,0,0,1,2,0,0,0,1,2,2,2,2,2,18,18,0,1,N/A,1,2,2,2,0,0,0,1,N/A,0,1,0,0,0,0,1,N/A,1,2,2,0,0,1,2,N/A,2,2,N/A,2,2,2,2,26,25,2,2,N/A,2,2,2,26,26,2,2,N/A,2,2,2,26,26,2,2,N/A,2,2,2,26,26,2,2,N/A,1,2,N/A,1,2,N/A
South Dakota,1/1/1971,12/31/1971,21,18,1,2,N/A,2,0,0,0,1,2,0,0,0,1,2,2,2,2,2,18,18,0,1,N/A,1,2,2,2,0,0,0,1,N/A,0,1,0,0,0,0,1,N/A,1,2,2,0,0,1,2,N/A,2,2,N/A,2,2,2,2,26,25,2,2,N/A,2,2,2,26,26,2,2,N/A,2,2,2,26,26,2,2,N/A,2,2,2,26,26,2,2,N/A,1,2,N/A,1,2,N/A
South Dakota,1/1/1939,12/31/1970,21,18,1,2,N/A,2,0,0,0,1,2,0,0,0,1,2,2,2,2,2,21,18,1,2,N/A,2,2,2,2,21,18,1,2,N/A,2,2,2,21,18,1,2,N/A,2,2,2,21,18,1,2,N/A,2,2,N/A,2,2,2,2,26,25,2,2,N/A,2,2,2,26,26,2,2,N/A,2,2,2,26,26,2,2,N/A,2,2,2,26,26,2,2,N/A,1,2,N/A,1,2,N/A
Tennessee,7/10/2003,12/31/2021,18,18,0,1,N/A,0,1,1,1,0,0,1,1,1,0,0,0,1,2,2,14,14,0,1,N/A,0,1,0,0,0,0,0,1,N/A,0,1,0,0,0,0,1,N/A,1,2,2,14,14,1,2,N/A,0,1,N/A,0,1,0,0,0,0,0,1,N/A,0,1,0,0,0,0,1,N/A,1,2,2,14,14,0,1,N/A,1,2,2,14,14,0,1,N/A,1,2,N/A,1,2,N/A
Tennessee,3/30/1972,7/9/2003,18,18,1,2,N/A,2,0,0,0,1,2,0,0,0,1,2,2,2,2,2,18,18,0,1,N/A,0,1,0,0,0,0,0,1,N/A,0,1,0,0,0,1,2,N/A,2,2,2,18,18,1,2,N/A,0,1,N/A,0,1,0,0,0,0,0,1,N/A,0,1,0,0,0,1,2,N/A,2,2,2,18,18,2,2,N/A,2,2,2,26,26,2,2,N/A,1,2,N/A,1,2,N/A
Tennessee,1/1/1921,3/29/1972,18,18,1,2,N/A,2,0,0,0,1,2,0,0,0,1,2,2,2,2,2,18,18,0,1,N/A,0,1,0,0,0,0,0,1,N/A,0,1,0,0,0,1,2,N/A,2,2,2,18,18,1,2,N/A,2,2,N/A,2,2,2,2,26,25,2,2,N/A,2,2,2,26,26,2,2,N/A,2,2,2,26,26,2,2,N/A,2,2,2,26,26,2,2,N/A,1,2,N/A,1,2,N/A
Texas,4/20/1995,12/31/2021,18,18,1,2,N/A,2,0,0,0,1,2,0,0,0,1,2,2,2,2,2,18,18,0,1,N/A,0,1,0,0,0,0,0,1,N/A,0,1,0,0,0,1,2,N/A,2,2,2,18,18,0,0,Chancroid; Gonorrhea; Hepatitis A-C; Syphilis,0,1,N/A,0,1,0,0,0,0,0,1,N/A,0,1,0,0,0,1,2,N/A,2,2,2,18,18,1,2,N/A,2,2,2,18,18,1,2,N/A,1,2,N/A,1,2,N/A
Texas,9/1/1989,4/19/1995,18,18,1,2,N/A,2,0,0,0,1,2,0,0,0,1,2,2,2,2,2,18,18,1,2,N/A,2,2,2,2,18,18,1,2,N/A,2,2,2,18,18,1,2,N/A,2,2,2,18,18,0,0,Chancroid; Gonorrhea; Hepatitis A-C; Syphilis,1,2,N/A,2,2,2,2,18,18,1,2,N/A,2,2,2,18,18,1,2,N/A,2,2,2,18,18,2,2,N/A,2,2,2,26,26,2,2,N/A,1,2,N/A,1,2,N/A
Texas,9/1/1985,8/31/1989,18,18,1,2,N/A,2,0,0,0,1,2,0,0,0,1,2,2,2,2,2,18,18,1,2,N/A,2,2,2,2,18,18,1,2,N/A,2,2,2,18,18,1,2,N/A,2,2,2,18,18,1,2,N/A,1,2,N/A,2,2,2,2,18,18,1,2,N/A,2,2,2,18,18,1,2,N/A,2,2,2,18,18,1,2,N/A,2,2,2,18,18,1,2,N/A,1,2,N/A,1,2,N/A
Utah,5/27/2009,12/31/2021,18,18,1,2,N/A,2,0,0,0,1,2,0,0,0,1,2,2,2,2,2,18,18,0,1,N/A,1,2,2,2,0,0,0,1,N/A,1,2,2,0,0,0,1,N/A,1,2,2,0,0,1,2,N/A,0,1,N/A,0,1,1,1,0,0,0,1,N/A,1,2,2,0,0,0,1,N/A,1,2,2,0,0,0,1,N/A,1,2,2,0,0,0,1,N/A,1,2,N/A,1,2,N/A
Utah,5/12/1981,5/26/2009,18,18,1,2,N/A,2,0,0,0,1,2,0,0,0,1,2,2,2,2,2,18,18,0,1,N/A,1,2,2,2,0,0,0,1,N/A,1,2,2,0,0,0,1,N/A,1,2,2,0,0,1,2,N/A,0,1,N/A,1,2,2,2,0,0,0,1,N/A,1,2,2,0,0,0,1,N/A,1,2,2,0,0,2,2,N/A,2,2,2,26,26,0,1,N/A,1,2,N/A,1,2,N/A
Utah,5/13/1975,5/11/1981,18,18,1,2,N/A,2,0,0,0,1,2,0,0,0,1,2,2,2,2,2,18,18,1,2,N/A,2,2,2,2,18,18,1,2,N/A,2,2,2,18,18,1,2,N/A,2,2,2,18,18,1,2,N/A,2,2,N/A,2,2,2,2,26,25,2,2,N/A,2,2,2,26,26,2,2,N/A,2,2,2,26,26,2,2,N/A,2,2,2,26,26,2,2,N/A,1,2,N/A,1,2,N/A
Vermont,7/1/1971,12/31/2021,18,18,1,2,N/A,2,0,0,0,1,2,0,0,0,1,2,2,2,2,2,18,18,0,1,N/A,1,2,2,2,12,12,0,1,N/A,1,2,2,12,12,1,2,N/A,2,2,2,18,18,1,2,N/A,0,1,N/A,1,2,2,2,12,12,0,1,N/A,1,2,2,12,12,1,2,N/A,2,2,2,18,18,1,2,N/A,2,2,2,18,18,1,2,N/A,1,2,N/A,1,2,N/A
Virginia,7/1/1999,12/31/2021,18,18,1,2,N/A,2,0,0,0,1,2,0,0,0,1,2,2,2,2,2,18,18,0,1,N/A,0,1,1,1,0,0,0,1,N/A,0,1,1,0,0,1,2,N/A,2,2,2,18,18,1,2,N/A,0,1,N/A,0,1,1,1,0,0,0,1,N/A,0,1,1,0,0,1,2,N/A,2,2,2,18,18,1,2,N/A,2,2,2,18,18,1,2,N/A,1,2,N/A,1,2,N/A
Virginia,1/1/1989,6/30/1999,18,18,1,2,N/A,2,0,0,0,1,2,0,0,0,1,2,2,2,2,2,18,18,0,1,N/A,1,2,2,2,0,0,0,1,N/A,1,2,2,0,0,1,2,N/A,2,2,2,18,18,1,2,N/A,0,1,N/A,1,2,2,2,0,0,0,1,N/A,1,2,2,0,0,1,2,N/A,2,2,2,18,18,2,2,N/A,2,2,2,26,26,2,2,N/A,1,2,N/A,1,2,N/A
Virginia,7/1/1972,12/31/1988,18,18,1,2,N/A,2,0,0,0,1,2,0,0,0,1,2,2,2,2,2,18,18,1,2,N/A,2,2,2,2,18,18,1,2,N/A,1,2,2,18,18,1,2,N/A,2,2,2,18,18,1,2,N/A,1,2,N/A,2,2,2,2,18,18,1,2,N/A,2,2,2,18,18,1,2,N/A,2,2,2,18,18,2,2,N/A,2,2,2,26,26,2,2,N/A,1,2,N/A,1,2,N/A
Washington,1/1/2020,12/31/2021,18,18,1,2,N/A,2,0,0,0,1,2,0,0,0,1,2,2,2,2,2,18,18,0,1,N/A,1,2,2,2,14,14,0,1,N/A,1,2,2,14,14,1,2,N/A,2,2,2,18,18,0,0,Gonorrhea; Herpes; Chlamydia; HPV; Syphilis; Chancroid; Granuloma inguinale; Lymphogranuloma venereum; Trachomitis; Nongonococcal urethritis,0,1,N/A,1,2,2,2,14,14,0,1,N/A,1,2,2,14,14,0,1,N/A,1,2,2,14,14,0,1,N/A,1,2,2,14,14,0,1,N/A,0,1,N/A,0,1,N/A
Washington,2/9/2001,12/31/2019,18,18,1,2,N/A,2,0,0,0,1,2,0,0,0,1,2,2,2,2,2,18,18,0,1,N/A,1,2,2,2,14,14,0,1,N/A,1,2,2,14,14,1,2,N/A,2,2,2,18,18,0,0,Gonorrhea; Herpes; Chlamydia; HPV; Syphilis; Chancroid; Granuloma inguinale; Lymphogranuloma venereum; Trachomitis; Nongonococcal urethritis,0,1,N/A,1,2,2,2,14,14,0,1,N/A,1,2,2,14,14,1,2,N/A,2,2,2,18,18,1,2,N/A,2,2,2,18,18,1,2,N/A,0,1,N/A,0,1,N/A
Washington,3/23/1988,2/8/2001,18,18,1,2,N/A,2,0,0,0,1,2,0,0,0,1,2,2,2,2,2,18,18,0,1,N/A,1,2,2,2,14,14,0,1,N/A,1,2,2,14,14,1,2,N/A,2,2,2,18,18,0,0,Gonorrhea; Herpes; Chlamydia; HPV; Syphilis; Chancroid; Granuloma inguinale; Lymphogranuloma venereum; Trachomitis; Nongonococcal urethritis,0,1,N/A,1,2,2,2,14,14,0,1,N/A,1,2,2,14,14,1,2,N/A,2,2,2,18,18,2,2,N/A,2,2,2,26,26,2,2,N/A,1,2,N/A,1,2,N/A
Washington,8/9/1971,3/22/1988,18,18,1,2,N/A,2,0,0,0,1,2,0,0,0,1,2,2,2,2,2,18,18,0,1,N/A,1,2,2,2,14,14,0,1,N/A,1,2,2,14,14,1,2,N/A,2,2,2,18,18,1,2,N/A,0,1,N/A,1,2,2,2,14,14,0,1,N/A,1,2,2,14,14,1,2,N/A,2,2,2,18,18,2,2,N/A,2,2,2,26,26,2,2,N/A,1,2,N/A,1,2,N/A
Washington,7/15/1969,8/8/1971,18,18,1,2,N/A,2,0,0,0,1,2,0,0,0,1,2,2,2,2,2,18,18,0,1,N/A,1,2,2,2,14,14,0,1,N/A,1,2,2,14,14,1,2,N/A,2,2,2,18,18,1,2,N/A,2,2,N/A,2,2,2,2,26,25,2,2,N/A,2,2,2,26,26,2,2,N/A,2,2,2,26,26,2,2,N/A,2,2,2,26,26,2,2,N/A,1,2,N/A,1,2,N/A
West Virginia,10/12/1998,12/31/2021,18,18,1,2,N/A,2,0,0,0,1,2,0,0,0,1,2,2,2,2,2,18,18,0,1,N/A,0,1,0,0,0,0,0,1,N/A,0,1,0,0,0,1,2,N/A,2,2,2,18,18,1,2,N/A,0,1,N/A,0,1,0,0,0,0,0,1,N/A,0,1,0,0,0,1,2,N/A,2,2,2,18,18,1,2,N/A,2,2,2,18,18,1,2,N/A,1,2,N/A,1,2,N/A
West Virginia,6/9/1972,10/11/1998,18,18,1,2,N/A,2,0,0,0,1,2,0,0,0,1,2,2,2,2,2,18,18,0,1,N/A,0,1,0,0,0,0,0,1,N/A,0,1,0,0,0,1,2,N/A,2,2,2,18,18,1,2,N/A,0,1,N/A,0,1,0,0,0,0,0,1,N/A,0,1,0,0,0,1,2,N/A,2,2,2,18,18,2,2,N/A,2,2,2,26,26,2,2,N/A,1,2,N/A,1,2,N/A
West Virginia,1/1/1921,6/8/1972,18,18,1,2,N/A,2,0,0,0,1,2,0,0,0,1,2,2,2,2,2,18,18,0,1,N/A,0,1,0,0,0,0,0,1,N/A,0,1,0,0,0,1,2,N/A,2,2,2,18,18,1,2,N/A,2,2,N/A,2,2,2,2,26,25,2,2,N/A,2,2,2,26,26,2,2,N/A,2,2,2,26,26,2,2,N/A,2,2,2,26,26,2,2,N/A,1,2,N/A,1,2,N/A
Wisconsin,7/20/1985,12/31/2021,18,18,1,2,N/A,2,0,0,0,1,2,0,0,0,1,2,2,2,2,2,18,18,0,1,N/A,1,2,2,2,0,0,0,1,N/A,1,2,2,0,0,1,2,N/A,2,2,2,18,18,1,2,N/A,0,1,N/A,0,1,1,1,0,0,0,1,N/A,1,2,2,0,0,1,2,N/A,2,2,2,18,18,1,2,N/A,2,2,2,18,18,1,2,N/A,1,2,N/A,1,2,N/A
Wisconsin,4/1/1984,7/19/1985,18,18,1,2,N/A,2,0,0,0,1,2,0,0,0,1,2,2,2,2,2,18,18,0,1,N/A,1,2,2,2,0,0,0,1,N/A,1,2,2,0,0,1,2,N/A,2,2,2,18,18,1,2,N/A,0,1,N/A,1,2,2,2,0,0,0,1,N/A,1,2,2,0,0,1,2,N/A,2,2,2,18,18,2,2,N/A,2,2,2,26,26,2,2,N/A,1,2,N/A,1,2,N/A
Wisconsin,1/1/1917,3/31/1984,18,18,1,2,N/A,2,0,0,0,1,2,0,0,0,1,2,2,2,2,2,18,18,0,1,N/A,1,2,2,2,0,0,0,1,N/A,1,2,2,0,0,1,2,N/A,2,2,2,18,18,1,2,N/A,0,1,N/A,1,2,2,2,0,0,0,1,N/A,1,2,2,0,0,1,2,N/A,2,2,2,18,18,2,2,N/A,2,2,2,26,26,2,2,N/A,1,2,N/A,1,2,N/A
Wisconsin,1849-01-01,12/31/1916,18,18,1,2,N/A,2,0,0,0,1,2,0,0,0,1,2,2,2,2,2,18,18,1,2,N/A,2,2,2,2,18,18,1,2,N/A,2,2,2,18,18,1,2,N/A,2,2,2,18,18,1,2,N/A,2,2,N/A,2,2,2,2,26,25,2,2,N/A,2,2,2,26,26,2,2,N/A,2,2,2,26,26,2,2,N/A,2,2,2,26,26,2,2,N/A,1,2,N/A,1,2,N/A
Wyoming,7/1/1993,12/31/2021,18,18,1,2,N/A,2,0,0,0,1,2,0,0,0,1,2,2,2,2,2,18,18,0,1,N/A,0,1,1,1,0,0,0,1,N/A,0,1,1,0,0,1,2,N/A,2,2,2,18,18,0,0,Viral hepatitis; Syphilis,0,1,N/A,0,1,1,1,0,0,0,1,N/A,0,1,1,0,0,1,2,N/A,2,2,2,18,18,1,2,N/A,2,2,2,18,18,1,2,N/A,1,2,N/A,1,2,N/A
Wyoming,1/1/1993,6/30/1993,19,19,1,2,N/A,2,0,0,0,1,2,0,0,0,1,2,2,2,2,2,19,19,0,1,N/A,0,1,1,1,0,0,0,1,N/A,0,1,1,0,0,1,2,N/A,2,2,2,19,19,0,0,Viral hepatitis; Syphilis,0,1,N/A,0,1,1,1,0,0,0,1,N/A,0,1,1,0,0,1,2,N/A,2,2,2,19,19,2,2,N/A,2,2,2,26,26,2,2,N/A,1,2,N/A,1,2,N/A
Wyoming,1/1/1973,12/31/1992,19,19,1,2,N/A,2,0,0,0,1,2,0,0,0,1,2,2,2,2,2,19,19,0,1,N/A,0,1,1,1,0,0,0,1,N/A,0,1,1,0,0,1,2,N/A,2,2,2,19,19,1,2,N/A,0,1,N/A,0,1,1,1,0,0,0,1,N/A,0,1,1,0,0,1,2,N/A,2,2,2,19,19,2,2,N/A,2,2,2,26,26,2,2,N/A,1,2,N/A,1,2,N/A